[{"time":1711661353215,"in":{"tensor":[4.0,3.0,3710.0,20000.0,2.0,0.0,2.0,5.0,10.0,2760.0,950.0,47.6696014404,-122.2610015869,3970.0,20000.0,79.0,0.0,0.0]},"out":{"variable":[1514079.4]},"anomaly":{"count":0},"metadata":{"last_model":"{\"model_name\":\"rf-house-price-estimator\",\"model_sha\":\"e22a0831aafd9917f3cc87a15ed267797f80e2afa12ad7d8810ca58f173b8cc6\"}","pipeline_version":"bf66ab5d-e4c0-4df3-aeef-a34510159c91","elapsed":[108254,451857],"dropped":[],"partition":"houseprice-low-connection-demonstration-01"}},{"time":1711661353215,"in":{"tensor":[4.0,3.75,4410.0,8112.0,3.0,0.0,4.0,3.0,11.0,3570.0,840.0,47.5887985229,-122.391998291,2770.0,5750.0,12.0,0.0,0.0]},"out":{"variable":[1967344.1]},"anomaly":{"count":0},"metadata":{"last_model":"{\"model_name\":\"rf-house-price-estimator\",\"model_sha\":\"e22a0831aafd9917f3cc87a15ed267797f80e2afa12ad7d8810ca58f173b8cc6\"}","pipeline_version":"bf66ab5d-e4c0-4df3-aeef-a34510159c91","elapsed":[108254,451857],"dropped":[],"partition":"houseprice-low-connection-demonstration-01"}},{"time":1711661353215,"in":{"tensor":[4.0,3.0,4750.0,21701.0,1.5,0.0,0.0,5.0,11.0,4750.0,0.0,47.645401001,-122.2180023193,3120.0,18551.0,38.0,0.0,0.0]},"out":{"variable":[2002393.6]},"anomaly":{"count":0},"metadata":{"last_model":"{\"model_name\":\"rf-house-price-estimator\",\"model_sha\":\"e22a0831aafd9917f3cc87a15ed267797f80e2afa12ad7d8810ca58f173b8cc6\"}","pipeline_version":"bf66ab5d-e4c0-4df3-aeef-a34510159c91","elapsed":[108254,451857],"dropped":[],"partition":"houseprice-low-connection-demonstration-01"}},{"time":1711661353215,"in":{"tensor":[4.0,3.5,4285.0,9567.0,2.0,0.0,1.0,5.0,10.0,3485.0,800.0,47.6433982849,-122.408996582,2960.0,6902.0,68.0,0.0,0.0]},"out":{"variable":[1886959.3]},"anomaly":{"count":0},"metadata":{"last_model":"{\"model_name\":\"rf-house-price-estimator\",\"model_sha\":\"e22a0831aafd9917f3cc87a15ed267797f80e2afa12ad7d8810ca58f173b8cc6\"}","pipeline_version":"bf66ab5d-e4c0-4df3-aeef-a34510159c91","elapsed":[108254,451857],"dropped":[],"partition":"houseprice-low-connection-demonstration-01"}},{"time":1711661353215,"in":{"tensor":[4.0,4.5,5770.0,10050.0,1.0,0.0,3.0,5.0,9.0,3160.0,2610.0,47.6769981384,-122.2750015259,2950.0,6700.0,65.0,0.0,0.0]},"out":{"variable":[1689843.1]},"anomaly":{"count":0},"metadata":{"last_model":"{\"model_name\":\"rf-house-price-estimator\",\"model_sha\":\"e22a0831aafd9917f3cc87a15ed267797f80e2afa12ad7d8810ca58f173b8cc6\"}","pipeline_version":"bf66ab5d-e4c0-4df3-aeef-a34510159c91","elapsed":[108254,451857],"dropped":[],"partition":"houseprice-low-connection-demonstration-01"}},{"time":1711661353215,"in":{"tensor":[3.0,2.5,5403.0,24069.0,2.0,1.0,4.0,4.0,12.0,5403.0,0.0,47.4169006348,-122.3479995728,3980.0,104374.0,39.0,0.0,0.0]},"out":{"variable":[1946437.8]},"anomaly":{"count":0},"metadata":{"last_model":"{\"model_name\":\"rf-house-price-estimator\",\"model_sha\":\"e22a0831aafd9917f3cc87a15ed267797f80e2afa12ad7d8810ca58f173b8cc6\"}","pipeline_version":"bf66ab5d-e4c0-4df3-aeef-a34510159c91","elapsed":[108254,451857],"dropped":[],"partition":"houseprice-low-connection-demonstration-01"}},{"time":1711661353215,"in":{"tensor":[3.0,3.25,4560.0,13363.0,1.0,0.0,4.0,3.0,11.0,2760.0,1800.0,47.6204986572,-122.2139968872,4060.0,13362.0,20.0,0.0,0.0]},"out":{"variable":[2005883.1]},"anomaly":{"count":0},"metadata":{"last_model":"{\"model_name\":\"rf-house-price-estimator\",\"model_sha\":\"e22a0831aafd9917f3cc87a15ed267797f80e2afa12ad7d8810ca58f173b8cc6\"}","pipeline_version":"bf66ab5d-e4c0-4df3-aeef-a34510159c91","elapsed":[108254,451857],"dropped":[],"partition":"houseprice-low-connection-demonstration-01"}},{"time":1711661353215,"in":{"tensor":[5.0,4.25,4860.0,9453.0,1.5,0.0,1.0,5.0,10.0,3100.0,1760.0,47.6195983887,-122.2860031128,3150.0,8557.0,109.0,0.0,0.0]},"out":{"variable":[1910824.0]},"anomaly":{"count":0},"metadata":{"last_model":"{\"model_name\":\"rf-house-price-estimator\",\"model_sha\":\"e22a0831aafd9917f3cc87a15ed267797f80e2afa12ad7d8810ca58f173b8cc6\"}","pipeline_version":"bf66ab5d-e4c0-4df3-aeef-a34510159c91","elapsed":[108254,451857],"dropped":[],"partition":"houseprice-low-connection-demonstration-01"}},{"time":1711661353215,"in":{"tensor":[6.0,4.0,5310.0,12741.0,2.0,0.0,2.0,3.0,10.0,3600.0,1710.0,47.5695991516,-122.2129974365,4190.0,12632.0,48.0,0.0,0.0]},"out":{"variable":[2016006.1]},"anomaly":{"count":0},"metadata":{"last_model":"{\"model_name\":\"rf-house-price-estimator\",\"model_sha\":\"e22a0831aafd9917f3cc87a15ed267797f80e2afa12ad7d8810ca58f173b8cc6\"}","pipeline_version":"bf66ab5d-e4c0-4df3-aeef-a34510159c91","elapsed":[108254,451857],"dropped":[],"partition":"houseprice-low-connection-demonstration-01"}}]