[{"time":1711661609999,"in":{"tensor":[4.0,2.5,2900.0,5505.0,2.0,0.0,0.0,3.0,8.0,2900.0,0.0,47.6063,-122.02,2970.0,5251.0,12.0,0.0,0.0]},"out":{"variable":[718013.7]},"anomaly":{"count":0},"metadata":{"last_model":"{\"model_name\":\"rf-house-price-estimator\",\"model_sha\":\"e22a0831aafd9917f3cc87a15ed267797f80e2afa12ad7d8810ca58f173b8cc6\"}","pipeline_version":"bf66ab5d-e4c0-4df3-aeef-a34510159c91","elapsed":[58509,356783],"dropped":[],"partition":"houseprice-low-connection-demonstration-01"}}]