{
    "type": "service_account",
    "project_id": "YOUR PROJECT ID",
    "private_key_id": "YOUR PRIVATE KEY ID",
    "private_key": "YOUR PRIVATE KEY",
    "client_email": "YOUR CLIENT EMAIL",
    "client_id": "YOUR CLIENT ID",
    "auth_uri": "YOUR AUTH_URI",
    "token_uri": "YOUR TOKEN_URI",
    "auth_provider_x509_cert_url": "YOUR AUTH PROVIDER",
    "client_x509_cert_url": "YOUR CLIENT X509 CERT URL",
    "dataset":"YOUR DATASET",
    "universe_domain": "YOUR UNIVERSE DOMAIN",
    "input_table":"YOUR INPUTS TABLE",
    "results_table":"YOUR RESULTS TABLE"
}