time,metadata,input_tensor_0,input_tensor_1,input_tensor_2,input_tensor_3,input_tensor_4,input_tensor_5,input_tensor_6,input_tensor_7,input_tensor_8,input_tensor_9,input_tensor_10,input_tensor_11,input_tensor_12,input_tensor_13,input_tensor_14,input_tensor_15,input_tensor_16,output_dense_2_0
1640995200000,"{'last_model': '{""model_name"": ""baseline01992"", ""model_sha"": ""test_version""}', 'profile': '{""elapsed_ns"": 59}'}",0.6752651953165153,-0.4732014898144956,-1.0785881334179752,0.25006446993148707,-0.08666382440547035,0.012211745933432551,-0.1904726364343265,-0.9179715198382244,-0.305653139057544,0.905425782569012,-0.5584151415472702,-0.8905121321380776,1.7014907488187343,-0.03617359856638,-0.20817781526102327,-0.4017891748132812,-0.19176790501742014,12.529610633850098
1640995676753,"{'last_model': '{""model_name"": ""baseline01992"", ""model_sha"": ""test_version""}', 'profile': '{""elapsed_ns"": 73}'}",-0.39764636440424433,-0.4732014898144956,0.5769261528142077,0.07215545493232875,-0.08666382440547035,0.5668723158705202,0.0035716408873876734,-0.9179715198382244,-0.305653139057544,0.905425782569012,0.29288456205300767,-0.10763168763453018,1.3841294506067472,-0.13822039562434324,-0.20817781526102327,1.3926231864561627,0.0831911918963078,13.355737686157227
1640996153506,"{'last_model': '{""model_name"": ""baseline01992"", ""model_sha"": ""test_version""}', 'profile': '{""elapsed_ns"": 97}'}",-0.39764636440424433,-0.797580068788302,1.5335578271524664,-0.9597168320632141,-0.08666382440547035,-0.6838328908503637,-0.19300982625286353,-0.9179715198382244,-0.305653139057544,-0.6285378875598833,-0.5584151415472702,-0.4087395509051253,-0.65605032361317,-0.3423139897402697,-0.20817781526102327,-0.7956845711895005,-0.1995480269764917,12.80009937286377
1640996630259,"{'last_model': '{""model_name"": ""baseline01992"", ""model_sha"": ""test_version""}', 'profile': '{""elapsed_ns"": 103}'}",-0.39764636440424433,-1.4463372267359147,1.457027293205379,0.3710426001309268,-0.08666382440547035,-1.2167420658879577,-0.13681107177226773,-0.9179715198382244,-0.305653139057544,2.4393894526979074,-0.5584151415472702,-0.9989109629154918,-0.65605032361317,-0.07018919758570108,-0.20817781526102327,-0.4601440483504989,-0.12823638778765573,12.786382675170898
1640997107013,"{'last_model': '{""model_name"": ""baseline01992"", ""model_sha"": ""test_version""}', 'profile': '{""elapsed_ns"": 305}'}",0.6752651953165153,1.1486914050545363,0.49822966035921534,0.8620714815287898,-0.08666382440547035,0.09921732553140708,-0.16956619232958114,-0.9179715198382244,-0.305653139057544,0.905425782569012,0.29288456205300767,-0.5050940671517158,1.1574428090267563,-0.10420479660502216,-0.20817781526102327,0.05046109510015591,-0.1763920241788759,13.161994934082031
1640997583766,"{'last_model': '{""model_name"": ""baseline01992"", ""model_sha"": ""test_version""}', 'profile': '{""elapsed_ns"": 63}'}",-0.39764636440424433,1.4730699840283425,0.5581545124120909,-1.102044044062561,-0.08666382440547035,-0.3793133622574528,-0.3474485705072142,0.9294639723887077,2.308796820400806,-0.6285378875598833,1.1441842656532857,-0.5653156398058348,0.27336490686479226,1.256419164167821,-0.20817781526102327,-0.4017891748132812,-0.4071408546047991,13.354001998901367
1640998060519,"{'last_model': '{""model_name"": ""baseline01992"", ""model_sha"": ""test_version""}', 'profile': '{""elapsed_ns"": 309}'}",1.7481767550372749,0.8243128260807298,0.06864788961864049,0.22159902753157723,-0.08666382440547035,0.9040189368126714,0.0049417233893976845,-0.9179715198382244,-0.305653139057544,2.4393894526979074,1.1441842656532857,-0.011277171387939744,1.905508726240726,0.03185759947226216,-0.20817781526102327,1.3050908761503361,0.09310992557872605,13.52723503112793
1640998537273,"{'last_model': '{""model_name"": ""baseline01992"", ""model_sha"": ""test_version""}', 'profile': '{""elapsed_ns"": 122}'}",1.7481767550372749,4.716855773766406,0.4967856880205949,-0.1342190024668405,-0.08666382440547035,7.744832632703419,0.511136464085726,0.9294639723887077,-0.305653139057544,-0.6285378875598833,4.5493830800543975,5.312309851236183,6.144548923786553,1.0183099710325736,-0.20817781526102327,2.297123726283037,0.42835574952127864,14.96905517578125
1640999014026,"{'last_model': '{""model_name"": ""baseline01992"", ""model_sha"": ""test_version""}', 'profile': '{""elapsed_ns"": 87}'}",0.6752651953165153,0.49993424710692347,0.9191475970680163,1.2605876751270217,-0.08666382440547035,0.3711097617750775,-0.26445709154286706,0.9294639723887077,-0.305653139057544,-0.6285378875598833,-0.5584151415472702,0.7595589585847838,-0.65605032361317,1.0183099710325736,-0.20817781526102327,0.42976777309207087,-0.30338131340656516,12.998331069946289
1640999490779,"{'last_model': '{""model_name"": ""baseline01992"", ""model_sha"": ""test_version""}', 'profile': '{""elapsed_ns"": 63}'}",-0.39764636440424433,1.1486914050545363,-1.8200679293012787,0.9047696451286039,-0.08666382440547035,1.8284532200411507,4.410568868093515,-0.9179715198382244,-0.305653139057544,0.905425782569012,1.9954839692535635,1.0245338782629074,1.882840062082727,0.2699667926075097,-0.20817781526102327,1.2175585658445096,1.3943445413874238,13.390511512756348
1640999967532,"{'last_model': '{""model_name"": ""baseline01992"", ""model_sha"": ""test_version""}', 'profile': '{""elapsed_ns"": 108}'}",0.6752651953165153,0.8243128260807298,1.1234696829832929,-0.49715339306526096,-0.08666382440547035,-0.9122225372950469,-0.28051750309420664,-0.9179715198382244,-0.305653139057544,-0.6285378875598833,-0.5584151415472702,-1.1916199954086726,0.3413708993387895,0.5420915847620784,-0.20817781526102327,-1.2187574043343288,-0.18417214613794744,12.76540470123291
1641000444286,"{'last_model': '{""model_name"": ""baseline01992"", ""model_sha"": ""test_version""}', 'profile': '{""elapsed_ns"": 262}'}",-0.39764636440424433,0.49993424710692347,0.8353972014278782,-1.2230221742620007,-0.08666382440547035,-0.7925898653478318,-0.3265421264024689,2.77689946461564,-0.305653139057544,-0.6285378875598833,0.29288456205300767,-0.5291826962133633,-0.65605032361317,1.1543723671098578,-0.20817781526102327,-0.9269830366482403,-0.3162867289784848,12.918499946594238
1641000921039,"{'last_model': '{""model_name"": ""baseline01992"", ""model_sha"": ""test_version""}', 'profile': '{""elapsed_ns"": 216}'}",0.6752651953165153,0.1755556681331171,0.5415488305179305,0.34969351833101975,-0.08666382440547035,0.5559966184207734,-0.0261134799894959,0.9294639723887077,-0.305653139057544,0.905425782569012,1.1441842656532857,0.9643123056087884,-0.65605032361317,0.1339043965302254,-0.20817781526102327,1.0716713820014654,0.043000040543758056,13.463611602783203
1641001397792,"{'last_model': '{""model_name"": ""baseline01992"", ""model_sha"": ""test_version""}', 'profile': '{""elapsed_ns"": 115}'}",0.6752651953165153,0.49993424710692347,0.275135934041822,1.6662202293252564,-0.08666382440547035,1.0236516087598864,-0.18922941342324331,0.9294639723887077,-0.305653139057544,-0.6285378875598833,1.1441842656532857,1.4822178304342122,-0.65605032361317,1.1203567680905366,-0.20817781526102327,1.6260426806050334,-0.26330077990177475,13.378470420837402
1641001874546,"{'last_model': '{""model_name"": ""baseline01992"", ""model_sha"": ""test_version""}', 'profile': '{""elapsed_ns"": 226}'}",-0.39764636440424433,-0.4732014898144956,0.8281773397347247,-0.9810659138631211,-0.08666382440547035,-0.3466862699082124,-0.27397155336238105,0.005746226275241667,3.6160218001299813,0.905425782569012,-0.5584151415472702,-0.035365800449587356,-0.65605032361317,-1.4988443563971865,-0.20817781526102327,-0.3288455828917591,-0.32181762136645037,13.239349365234375
1641002351299,"{'last_model': '{""model_name"": ""baseline01992"", ""model_sha"": ""test_version""}', 'profile': '{""elapsed_ns"": 15}'}",0.6752651953165153,0.49993424710692347,0.9494710161791478,0.07927181553223037,-0.08666382440547035,0.5886237107700139,-0.1463001616935963,0.9294639723887077,-0.305653139057544,-0.6285378875598833,0.29288456205300767,1.0004452492012599,-0.65605032361317,0.8482319759359681,-0.20817781526102327,0.3714128995548532,-0.19626636415963214,13.21481704711914
1641002828052,"{'last_model': '{""model_name"": ""baseline01992"", ""model_sha"": ""test_version""}', 'profile': '{""elapsed_ns"": 92}'}",0.6752651953165153,0.49993424710692347,0.36466221903649315,-0.682178768664422,-0.08666382440547035,0.08834162808166027,-0.24421031679094135,1.8531817185021737,-0.305653139057544,0.905425782569012,1.1441842656532857,0.4464067807833649,-0.65605032361317,-2.3492343318802136,-0.20817781526102327,-0.38720045642897677,-0.3851279029006962,13.56281852722168
1641003304805,"{'last_model': '{""model_name"": ""baseline01992"", ""model_sha"": ""test_version""}', 'profile': '{""elapsed_ns"": 113}'}",0.6752651953165153,0.49993424710692347,-0.12773234843419812,0.5204861727302764,-0.08666382440547035,0.7952619623152033,-0.10935867793569676,0.9294639723887077,-0.305653139057544,-0.6285378875598833,1.1441842656532857,1.2292872252869123,-0.65605032361317,0.6101227828007205,-0.20817781526102327,1.1883811290759008,-0.10305239111445254,13.318199157714844
1641003781559,"{'last_model': '{""model_name"": ""baseline01992"", ""model_sha"": ""test_version""}', 'profile': '{""elapsed_ns"": 107}'}",0.6752651953165153,-0.14882291084068927,0.6902779813961927,-0.45445522946544675,-0.08666382440547035,0.4472396439233052,-0.26191990172433005,0.005746226275241667,2.308796820400806,-0.6285378875598833,0.29288456205300767,0.36209657906759823,0.2506962427067932,-1.5328599554165074,-0.20817781526102327,1.3488570313032495,-0.28494500544668,13.587064743041992
1641004258312,"{'last_model': '{""model_name"": ""baseline01992"", ""model_sha"": ""test_version""}', 'profile': '{""elapsed_ns"": 110}'}",-1.470557924125004,-0.4732014898144956,1.141519337216125,1.2819367569269287,-0.08666382440547035,-0.8034655627975786,-0.2602961002404663,-0.9179715198382244,-0.305653139057544,-0.6285378875598833,0.29288456205300767,-0.5412270107441872,-0.65605032361317,1.1203567680905366,-0.20817781526102327,-0.9269830366482403,-0.31311568400938455,12.883607864379883
1641004735065,"{'last_model': '{""model_name"": ""baseline01992"", ""model_sha"": ""test_version""}', 'profile': '{""elapsed_ns"": 256}'}",-2.543469483845764,-1.4463372267359147,0.014498926920246548,-0.4900370324652582,-0.08666382440547035,-1.488634502131628,-0.224876930373689,-0.9179715198382244,-0.305653139057544,0.905425782569012,-1.409714845147548,-1.300018826186087,-0.65605032361317,-1.8730159456097184,-0.20817781526102327,-0.7956845711895005,-0.3017220456901755,12.521448135375977
1641005211819,"{'last_model': '{""model_name"": ""baseline01992"", ""model_sha"": ""test_version""}', 'profile': '{""elapsed_ns"": 96}'}",-1.470557924125004,0.1755556681331171,-1.0071115026560848,1.3602167235266556,-0.08666382440547035,-0.18355080816201014,2.3843690790098213,-0.9179715198382244,-0.305653139057544,0.905425782569012,-0.5584151415472702,-0.9386893902613728,1.3841294506067472,0.03185759947226216,-0.20817781526102327,0.09422725025306918,3.546119788617466,12.916284561157227
1641005688572,"{'last_model': '{""model_name"": ""baseline01992"", ""model_sha"": ""test_version""}', 'profile': '{""elapsed_ns"": 94}'}",1.7481767550372749,1.4730699840283425,-0.351548060920876,0.12908633973204728,-0.08666382440547035,1.0997814909081143,-0.19927668510465008,0.9294639723887077,-0.305653139057544,-0.6285378875598833,1.1441842656532857,1.5665280321499788,-0.65605032361317,1.3924815602451053,-0.20817781526102327,0.7215421407781593,-0.17432715768736876,13.323817253112793
1641006165325,"{'last_model': '{""model_name"": ""baseline01992"", ""model_sha"": ""test_version""}', 'profile': '{""elapsed_ns"": 253}'}",-0.39764636440424433,-1.4463372267359147,-0.1104046803707018,-1.144742207662375,-0.08666382440547035,-0.9883524194432746,-0.35059468588220016,-0.9179715198382244,-0.305653139057544,-0.6285378875598833,-0.5584151415472702,-0.7459803577681918,-0.65605032361317,-0.2062515936629854,-0.20817781526102327,-0.8832168814953271,-0.41772329537377323,12.533276557922363
1641006642079,"{'last_model': '{""model_name"": ""baseline01992"", ""model_sha"": ""test_version""}', 'profile': '{""elapsed_ns"": 87}'}",-0.39764636440424433,-1.4463372267359147,-0.39919914809545237,0.17178450333186143,-0.08666382440547035,-0.8252169576970723,-0.19595296644236654,-0.9179715198382244,-0.305653139057544,0.905425782569012,-0.5584151415472702,-0.5653156398058348,-0.65605032361317,-0.4103451877789119,-0.20817781526102327,-0.38720045642897677,-0.20201849224311633,12.603028297424316
1641007118832,"{'last_model': '{""model_name"": ""baseline01992"", ""model_sha"": ""test_version""}', 'profile': '{""elapsed_ns"": 215}'}",1.7481767550372749,1.7974485630021488,0.8888241779569362,2.185714553123029,-0.08666382440547035,1.6653177582949485,0.9558043516825308,0.9294639723887077,-0.305653139057544,0.905425782569012,-0.5584151415472702,2.1928323877528166,-0.65605032361317,0.6101227828007205,-0.20817781526102327,-0.5330876402720209,1.7471786031237069,13.2301025390625
1641007595585,"{'last_model': '{""model_name"": ""baseline01992"", ""model_sha"": ""test_version""}', 'profile': '{""elapsed_ns"": 269}'}",1.7481767550372749,0.1755556681331171,0.4931757571740182,-0.6964114898643263,-0.08666382440547035,2.306983907830011,-0.23147362390188533,1.8531817185021737,-0.305653139057544,0.905425782569012,1.1441842656532857,1.3497303705951502,2.2682073527687114,-2.2131719358029294,-0.20817781526102327,1.5676878070678157,-0.25544691271086367,14.021055221557617
1641008072338,"{'last_model': '{""model_name"": ""baseline01992"", ""model_sha"": ""test_version""}', 'profile': '{""elapsed_ns"": 311}'}",0.6752651953165153,1.7974485630021488,-1.1608945567195443,0.3710426001309268,-0.08666382440547035,1.1650356756065952,-0.22127412083136636,0.9294639723887077,-0.305653139057544,-0.6285378875598833,-0.5584151415472702,1.6387939193349217,-0.65605032361317,1.1543723671098578,-0.20817781526102327,1.4072119048404672,-0.2502847464820958,12.866785049438477
1641008549092,"{'last_model': '{""model_name"": ""baseline01992"", ""model_sha"": ""test_version""}', 'profile': '{""elapsed_ns"": 83}'}",-0.39764636440424433,-0.14882291084068927,-0.11762454206385518,-1.215905813662099,-0.08666382440547035,-0.20530220306150376,-0.33806096817862713,0.9294639723887077,-0.305653139057544,-0.6285378875598833,1.1441842656532857,-0.4328281799667729,0.38670822765478763,1.3924815602451053,-0.20817781526102327,-0.29966814612315024,-0.41171305897885063,13.093080520629883
1641009025845,"{'last_model': '{""model_name"": ""baseline01992"", ""model_sha"": ""test_version""}', 'profile': '{""elapsed_ns"": 310}'}",-0.39764636440424433,0.1755556681331171,0.03038262264512245,2.256878159122652,-0.08666382440547035,-0.542448824003655,0.032774695698749204,-0.9179715198382244,-0.305653139057544,0.905425782569012,-0.5584151415472702,-0.25216346200441586,-0.65605032361317,0.23595119358818864,-0.20817781526102327,-0.7810958528051961,0.12858138209354517,12.828337669372559
1641009502598,"{'last_model': '{""model_name"": ""baseline01992"", ""model_sha"": ""test_version""}', 'profile': '{""elapsed_ns"": 102}'}",-0.39764636440424433,-0.797580068788302,0.16755999481437,-0.03458995406720667,-0.08666382440547035,0.16447151022988798,-0.1614979287066333,0.9294639723887077,-0.305653139057544,-0.6285378875598833,0.29288456205300767,0.5307169824991315,-0.65605032361317,-0.3763295887595908,-0.20817781526102327,0.3130580260176355,-0.15375223800413684,13.134745597839355
1641009979352,"{'last_model': '{""model_name"": ""baseline01992"", ""model_sha"": ""test_version""}', 'profile': '{""elapsed_ns"": 203}'}",-0.39764636440424433,-0.14882291084068927,0.861388703523097,-0.9739495532631184,-0.08666382440547035,-0.32493487500871876,-0.23350337575671498,-0.9179715198382244,-0.305653139057544,2.4393894526979074,-0.5584151415472702,-0.9748223338538442,1.1574428090267563,-1.5668755544358286,-0.20817781526102327,-0.5330876402720209,-0.28310137465069146,13.15805721282959
1641010456105,"{'last_model': '{""model_name"": ""baseline01992"", ""model_sha"": ""test_version""}', 'profile': '{""elapsed_ns"": 262}'}",-0.39764636440424433,-0.14882291084068927,0.7386510547400537,-0.8458550624636759,-0.08666382440547035,-0.00953964896606108,-0.27206866099847826,0.005746226275241667,-0.305653139057544,0.905425782569012,-0.5584151415472702,-0.14376463122700162,0.2506962427067932,-2.2131719358029294,-0.20817781526102327,-0.7227409792679784,-0.301168956451379,13.213935852050781
1641010932858,"{'last_model': '{""model_name"": ""baseline01992"", ""model_sha"": ""test_version""}', 'profile': '{""elapsed_ns"": 81}'}",-0.39764636440424433,0.49993424710692347,-0.870656116656122,0.44932256673065357,-0.08666382440547035,0.0013360484836857358,-0.17877619137087064,0.9294639723887077,-0.305653139057544,-0.6285378875598833,1.1441842656532857,0.3500522645367744,-0.65605032361317,0.5420915847620784,-0.20817781526102327,0.8236631694682902,-0.18686384710009069,12.950765609741211
1641011409611,"{'last_model': '{""model_name"": ""baseline01992"", ""model_sha"": ""test_version""}', 'profile': '{""elapsed_ns"": 194}'}",0.6752651953165153,1.4730699840283425,-0.41363887148170786,0.3141117153312083,-0.08666382440547035,0.46899103882279886,-0.24388048211453153,0.9294639723887077,-0.305653139057544,-0.6285378875598833,1.1441842656532857,0.867957789362198,-0.65605032361317,1.2904347631871422,-0.20817781526102327,-0.5768537954249342,-0.11595780668637218,13.149591445922852
1641011886365,"{'last_model': '{""model_name"": ""baseline01992"", ""model_sha"": ""test_version""}', 'profile': '{""elapsed_ns"": 117}'}",-0.39764636440424433,-1.4463372267359147,1.5487195367080064,-1.1660912894622821,-0.08666382440547035,-1.2711205531366918,-0.17565544789407006,-0.9179715198382244,-0.305653139057544,0.905425782569012,-1.409714845147548,-1.2638858825936155,-0.27068303292718565,-0.7164855789528016,-0.20817781526102327,0.15258212379028685,-0.13719643345615995,12.74991512298584
1641012363118,"{'last_model': '{""model_name"": ""baseline01992"", ""model_sha"": ""test_version""}', 'profile': '{""elapsed_ns"": 53}'}",-0.39764636440424433,0.1755556681331171,1.0353873703272423,-1.0166477168629326,-0.08666382440547035,-0.5968273112523892,-0.3461799755979457,0.9294639723887077,-0.305653139057544,-0.6285378875598833,-0.5584151415472702,-0.8110196562346405,0.2824323725279919,1.2224035651485,-0.20817781526102327,-0.9707491918011536,-0.41669086212801965,12.760342597961426
1641012839871,"{'last_model': '{""model_name"": ""baseline01992"", ""model_sha"": ""test_version""}', 'profile': '{""elapsed_ns"": 268}'}",0.6752651953165153,0.49993424710692347,0.03110460881440701,0.8691878421287925,-0.08666382440547035,-0.18355080816201014,-0.18369833961883253,0.9294639723887077,-0.305653139057544,-0.6285378875598833,0.29288456205300767,0.14529891751276972,-0.65605032361317,0.5420915847620784,-0.20817781526102327,-0.007893778437061781,-0.1564439389662801,12.973179817199707
1641013316625,"{'last_model': '{""model_name"": ""baseline01992"", ""model_sha"": ""test_version""}', 'profile': '{""elapsed_ns"": 53}'}",-0.39764636440424433,-0.4732014898144956,0.6354070325284629,-1.3653493862614487,-0.08666382440547035,-0.40106475715694645,-0.22860659940693845,-0.9179715198382244,-0.305653139057544,0.905425782569012,0.29288456205300767,-0.8062019304223109,0.6814008617087757,-1.0226259701266913,-0.20817781526102327,1.3634457496875538,-0.25094845356865164,13.466939926147461
1641013793378,"{'last_model': '{""model_name"": ""baseline01992"", ""model_sha"": ""test_version""}', 'profile': '{""elapsed_ns"": 76}'}",-0.39764636440424433,-0.14882291084068927,0.7971319344543089,-1.2514876166619104,-0.08666382440547035,-0.9013468398453,-0.3454949343469407,2.77689946461564,-0.305653139057544,-0.6285378875598833,-0.5584151415472702,-0.6496258415216014,-0.65605032361317,1.0183099710325736,-0.20817781526102327,-0.9707491918011536,-0.423217315145819,12.734331130981445
1641014270131,"{'last_model': '{""model_name"": ""baseline01992"", ""model_sha"": ""test_version""}', 'profile': '{""elapsed_ns"": 30}'}",0.6752651953165153,0.49993424710692347,-1.0908618982962743,-0.8458550624636759,-0.08666382440547035,1.295544045003557,-0.13379181588820863,-0.9179715198382244,3.6160218001299813,0.905425782569012,1.1441842656532857,0.6391158132765458,1.4974727713967426,-0.0021579995470589176,-0.20817781526102327,0.5173000833978975,0.17068990947392298,13.304133415222168
1641014746885,"{'last_model': '{""model_name"": ""baseline01992"", ""model_sha"": ""test_version""}', 'profile': '{""elapsed_ns"": 142}'}",-0.39764636440424433,0.49993424710692347,0.8079617269939876,2.49171805892163,-0.08666382440547035,-0.6838328908503637,-0.08736124220898046,0.9294639723887077,-0.305653139057544,-0.6285378875598833,-0.5584151415472702,-0.4087395509051253,-0.65605032361317,0.6441383818200416,-0.20817781526102327,0.13799340540598243,2.7751502623509863,12.772860527038574
1641015223638,"{'last_model': '{""model_name"": ""baseline01992"", ""model_sha"": ""test_version""}', 'profile': '{""elapsed_ns"": 52}'}",-0.39764636440424433,-1.4463372267359147,0.3393927031106102,0.12196997913204453,-0.08666382440547035,-0.7490870755488446,-0.147441897111938,-0.9179715198382244,-0.305653139057544,0.905425782569012,-0.5584151415472702,-0.4810054380900682,-0.65605032361317,-0.6824699799334806,-0.20817781526102327,0.4443564914763753,-0.13332480878458405,12.962865829467773
1641015700391,"{'last_model': '{""model_name"": ""baseline01992"", ""model_sha"": ""test_version""}', 'profile': '{""elapsed_ns"": 296}'}",-0.39764636440424433,-0.4732014898144956,-0.8952036464127203,0.1789008639318642,-0.08666382440547035,-0.1509237158127697,-0.1502835497086995,-0.9179715198382244,-0.305653139057544,-0.6285378875598833,-0.5584151415472702,-0.6014485833983062,0.8174128466567702,-0.2062515936629854,-0.20817781526102327,-0.12460352551149716,-0.1330298278572259,12.564569473266602
1641016177144,"{'last_model': '{""model_name"": ""baseline01992"", ""model_sha"": ""test_version""}', 'profile': '{""elapsed_ns"": 276}'}",0.6752651953165153,0.49993424710692347,-1.5818124934283453,-0.7391096534641405,-0.08666382440547035,0.3711097617750775,-0.0873358703107951,-0.9179715198382244,-0.305653139057544,-0.6285378875598833,0.29288456205300767,-0.5050940671517158,1.7241594129767335,0.4740603867234362,-0.20817781526102327,0.4443564914763753,-0.13800763100639488,12.589958190917969
1641016653898,"{'last_model': '{""model_name"": ""baseline01992"", ""model_sha"": ""test_version""}', 'profile': '{""elapsed_ns"": 67}'}",-0.39764636440424433,-0.4732014898144956,-1.264138578931135,1.3032858387268358,-0.08666382440547035,-0.8904711423955531,-0.20336156071249473,-0.9179715198382244,-0.305653139057544,-0.6285378875598833,-0.5584151415472702,-0.6375815269907776,-0.65605032361317,0.7802007778973259,-0.20817781526102327,-0.25590199097023697,-0.20533702767589565,12.417983055114746
1641017130651,"{'last_model': '{""model_name"": ""baseline01992"", ""model_sha"": ""test_version""}', 'profile': '{""elapsed_ns"": 39}'}",-0.39764636440424433,0.1755556681331171,0.24264655642278565,0.299878994131304,-0.08666382440547035,0.1753472076796348,-0.1553579293457736,-0.9179715198382244,-0.305653139057544,2.4393894526979074,0.29288456205300767,0.5427612970299553,-0.65605032361317,-0.47837638581755404,-0.20817781526102327,0.3714128995548532,-0.14482906495155243,13.3456449508667
1641017607404,"{'last_model': '{""model_name"": ""baseline01992"", ""model_sha"": ""test_version""}', 'profile': '{""elapsed_ns"": 83}'}",-0.39764636440424433,-1.4463372267359147,0.7256553036924699,1.0969113813277678,-0.08666382440547035,-0.7925898653478318,-0.018045216366548055,-0.9179715198382244,-0.305653139057544,0.905425782569012,-1.409714845147548,-0.5291826962133633,-0.65605032361317,0.3379979906461519,-0.20817781526102327,-0.6789748241150652,0.061805074662840964,12.614058494567871
1641018084158,"{'last_model': '{""model_name"": ""baseline01992"", ""model_sha"": ""test_version""}', 'profile': '{""elapsed_ns"": 197}'}",-0.39764636440424433,-0.4732014898144956,-2.0222240567085987,-0.30501165686609716,-0.08666382440547035,-0.8143412602473254,0.02731973758889453,-0.9179715198382244,-0.305653139057544,-0.6285378875598833,-0.5584151415472702,-0.553271325275011,-0.65605032361317,0.23595119358818864,-0.20817781526102327,-0.9561604734168492,0.060698896185247854,12.147258758544922
1641018560911,"{'last_model': '{""model_name"": ""baseline01992"", ""model_sha"": ""test_version""}', 'profile': '{""elapsed_ns"": 115}'}",-0.39764636440424433,-0.14882291084068927,0.8823263024331187,-0.39752434466562714,-0.08666382440547035,-0.2814320852097315,-0.21817874925275116,-0.9179715198382244,-0.305653139057544,2.4393894526979074,-0.5584151415472702,-1.0591325355696108,1.4067981147647464,-0.886563574049407,-0.20817781526102327,-0.19754711743301925,-0.23184843852221057,13.088678359985352
1641019037664,"{'last_model': '{""model_name"": ""baseline01992"", ""model_sha"": ""test_version""}', 'profile': '{""elapsed_ns"": 253}'}",-0.39764636440424433,-1.4463372267359147,-1.9875687205816575,-0.0630553964671165,-0.08666382440547035,-0.9774767219935278,-0.15599222680040786,-0.9179715198382244,-0.305653139057544,-0.6285378875598833,-0.5584151415472702,-0.733936043237368,-0.65605032361317,-0.17223599464366432,-0.20817781526102327,-0.9999266285697624,-0.1706398960953917,12.06100845336914
1641019514417,"{'last_model': '{""model_name"": ""baseline01992"", ""model_sha"": ""test_version""}', 'profile': '{""elapsed_ns"": 82}'}",-1.470557924125004,0.1755556681331171,0.4318069327825222,-0.6394806050646078,-0.08666382440547035,-1.0644823015915021,-0.35036633879853185,0.9294639723887077,-0.305653139057544,-0.6285378875598833,0.29288456205300767,-1.0711768501004346,-0.2026770404531884,1.2904347631871422,-0.20817781526102327,-1.1020476572598934,-0.4029373763899453,12.828027725219727
1641019991171,"{'last_model': '{""model_name"": ""baseline01992"", ""model_sha"": ""test_version""}', 'profile': '{""elapsed_ns"": 106}'}",-1.470557924125004,-0.14882291084068927,-0.28079341632832155,-1.0166477168629326,-0.08666382440547035,-1.0971093939407428,-0.3625194780293244,0.9294639723887077,-0.305653139057544,-0.6285378875598833,1.1441842656532857,-1.2879745116552632,0.1373529219167978,1.256419164167821,-0.20817781526102327,-1.3354671514087642,-0.4350902974719851,12.807580947875977
1641020467924,"{'last_model': '{""model_name"": ""baseline01992"", ""model_sha"": ""test_version""}', 'profile': '{""elapsed_ns"": 139}'}",0.6752651953165153,-1.770715805709721,-0.6064091786879697,-0.8743205048635857,-0.08666382440547035,-0.6947085883001105,-0.041184387511606024,-0.9179715198382244,-0.305653139057544,-0.6285378875598833,-1.409714845147548,-0.42078386543594914,-0.65605032361317,-0.7845167769914437,-0.20817781526102327,-0.7665071344208917,-0.06002204833608047,12.337621688842773
1641020944677,"{'last_model': '{""model_name"": ""baseline01992"", ""model_sha"": ""test_version""}', 'profile': '{""elapsed_ns"": 288}'}",-0.39764636440424433,0.49993424710692347,-0.6179609573969844,3.495124903517263,-0.08666382440547035,0.7300077776167224,0.5205494383124986,0.9294639723887077,-0.305653139057544,-0.6285378875598833,1.1441842656532857,1.1570213381019694,-0.65605032361317,0.7802007778973259,-0.20817781526102327,1.057082663617161,0.8374574231511313,13.159269332885742
1641021421431,"{'last_model': '{""model_name"": ""baseline01992"", ""model_sha"": ""test_version""}', 'profile': '{""elapsed_ns"": 120}'}",0.6752651953165153,0.49993424710692347,-0.05769969001092827,1.602172983925535,-0.08666382440547035,1.0671543985588736,-0.1714183408971132,0.9294639723887077,-0.305653139057544,-0.6285378875598833,1.1441842656532857,1.5303950885575073,-0.65605032361317,1.1543723671098578,-0.20817781526102327,1.3780344680718584,-0.29231952863063404,13.345908164978027
1641021898184,"{'last_model': '{""model_name"": ""baseline01992"", ""model_sha"": ""test_version""}', 'profile': '{""elapsed_ns"": 294}'}",-0.39764636440424433,-0.4732014898144956,0.07947768215831928,-1.2586039772619133,-0.08666382440547035,-0.781714167898085,-0.2302050289926168,-0.9179715198382244,-0.305653139057544,0.905425782569012,-0.5584151415472702,-0.9507337047921965,0.16002158607479686,-1.1246727671846546,-0.20817781526102327,-0.6497973873464563,-0.25360328191487513,12.790096282958984
1641022374937,"{'last_model': '{""model_name"": ""baseline01992"", ""model_sha"": ""test_version""}', 'profile': '{""elapsed_ns"": 113}'}",-0.39764636440424433,-1.4463372267359147,0.2404805979148807,-0.6679460474645176,-0.08666382440547035,-0.9448496296442873,-0.2771430406355524,0.005746226275241667,-0.305653139057544,-0.6285378875598833,-0.5584151415472702,-0.8423348740147824,-0.384026353717181,-1.4648287573778653,-0.20817781526102327,-1.1312250940285022,-0.32181762136645037,12.671533584594727
1641022851690,"{'last_model': '{""model_name"": ""baseline01992"", ""model_sha"": ""test_version""}', 'profile': '{""elapsed_ns"": 101}'}",-0.39764636440424433,-0.4732014898144956,-0.6100191095345464,0.47778800913046227,-0.08666382440547035,-0.542448824003655,-0.08799553966361473,-0.9179715198382244,-0.305653139057544,0.905425782569012,-0.5584151415472702,-0.7098474141757205,0.20535891439079504,0.09988879751090432,-0.20817781526102327,-0.6352086689621519,-0.07661472549997715,12.60200309753418
1641023328444,"{'last_model': '{""model_name"": ""baseline01992"", ""model_sha"": ""test_version""}', 'profile': '{""elapsed_ns"": 271}'}",-0.39764636440424433,0.49993424710692347,0.06431597260277923,1.4740784931260924,-0.08666382440547035,-0.39018905970719964,-0.27699080924644015,0.9294639723887077,-0.305653139057544,-0.6285378875598833,0.29288456205300767,-0.08354305857288258,-0.65605032361317,0.7802007778973259,-0.20817781526102327,-0.29966814612315024,-0.3227763093803644,12.926031112670898
1641023805197,"{'last_model': '{""model_name"": ""baseline01992"", ""model_sha"": ""test_version""}', 'profile': '{""elapsed_ns"": 71}'}",0.6752651953165153,1.1486914050545363,-1.9074282557879934,-0.07728811766702084,-0.08666382440547035,0.14272011533039436,-0.2722970080821466,0.9294639723887077,-0.305653139057544,-0.6285378875598833,-0.5584151415472702,0.5066283534374839,-0.65605032361317,1.1203567680905366,-0.20817781526102327,-1.5980640823262438,-0.3111983079815565,12.3800630569458
1641024281950,"{'last_model': '{""model_name"": ""baseline01992"", ""model_sha"": ""test_version""}', 'profile': '{""elapsed_ns"": 76}'}",-0.39764636440424433,0.1755556681331171,1.0404412735124393,0.19313358513176854,-0.08666382440547035,-0.2596806903102378,-0.23269147501478313,0.9294639723887077,-0.305653139057544,-0.6285378875598833,-0.5584151415472702,0.06098871579700309,-0.65605032361317,1.0863411690712157,-0.20817781526102327,-0.4601440483504989,-0.3785277046510573,12.826144218444824
1641024758704,"{'last_model': '{""model_name"": ""baseline01992"", ""model_sha"": ""test_version""}', 'profile': '{""elapsed_ns"": 212}'}",-0.39764636440424433,0.49993424710692347,-0.7269808689630568,1.623522065725442,-0.08666382440547035,0.12096872043090072,0.4974102671674405,0.9294639723887077,-0.305653139057544,-0.6285378875598833,0.29288456205300767,0.48253972437583625,-0.65605032361317,0.7802007778973259,-0.20817781526102327,0.6923647040095505,0.9282009309296863,12.978338241577148
1641025235457,"{'last_model': '{""model_name"": ""baseline01992"", ""model_sha"": ""test_version""}', 'profile': '{""elapsed_ns"": 44}'}",-0.39764636440424433,0.49993424710692347,0.15384225759745038,0.12908633973204728,-0.08666382440547035,0.9148946342624182,-0.1727884233991232,0.9294639723887077,-0.305653139057544,-0.6285378875598833,0.29288456205300767,1.361774685125974,-0.65605032361317,-0.7164855789528016,4.838294369168529,0.5610662385508107,-0.1701605520884347,13.36816120147705
1641025712210,"{'last_model': '{""model_name"": ""baseline01992"", ""model_sha"": ""test_version""}', 'profile': '{""elapsed_ns"": 77}'}",-0.39764636440424433,0.49993424710692347,-0.7414205923493123,1.4527294113261855,-0.08666382440547035,0.5886237107700139,5.741071208934348,0.005746226275241667,-0.305653139057544,0.905425782569012,1.1441842656532857,1.0004452492012599,-0.65605032361317,0.9162631739746102,-0.20817781526102327,0.9257841981584212,5.9071840038081245,13.34133243560791
1641026188964,"{'last_model': '{""model_name"": ""baseline01992"", ""model_sha"": ""test_version""}', 'profile': '{""elapsed_ns"": 130}'}",-0.39764636440424433,0.49993424710692347,0.8909901364648926,-1.2301385348620035,-0.08666382440547035,-0.8143412602473254,-0.35163493370780036,2.77689946461564,-0.305653139057544,-0.6285378875598833,0.29288456205300767,-0.553271325275011,-0.65605032361317,1.1203567680905366,-0.20817781526102327,-0.9561604734168492,-0.4282688635268276,12.92662525177002
1641026665717,"{'last_model': '{""model_name"": ""baseline01992"", ""model_sha"": ""test_version""}', 'profile': '{""elapsed_ns"": 282}'}",-1.470557924125004,-1.4463372267359147,-1.8323416941795778,-0.03458995406720667,-0.08666382440547035,-0.9013468398453,-0.24649378762762472,-0.9179715198382244,-0.305653139057544,-0.6285378875598833,-0.5584151415472702,-0.8905121321380776,-0.2026770404531884,-0.6824699799334806,-0.20817781526102327,-1.3938220249459818,-0.2718920994110812,12.069570541381836
1641027142470,"{'last_model': '{""model_name"": ""baseline01992"", ""model_sha"": ""test_version""}', 'profile': '{""elapsed_ns"": 150}'}",-0.39764636440424433,-0.4732014898144956,-1.5579869498410828,1.0043986935282379,-0.08666382440547035,-0.5098217316544146,0.19213558820106177,-0.9179715198382244,-0.305653139057544,0.905425782569012,-0.5584151415472702,-0.21603051841194443,-0.65605032361317,0.09988879751090432,-0.20817781526102327,0.09422725025306918,0.849699131636495,12.525982856750488
1641027619223,"{'last_model': '{""model_name"": ""baseline01992"", ""model_sha"": ""test_version""}', 'profile': '{""elapsed_ns"": 167}'}",-1.470557924125004,-1.4463372267359147,-0.4699537926880581,-0.09152083886702632,-0.08666382440547035,-1.0971093939407428,-0.22639924426481123,-0.9179715198382244,-0.305653139057544,0.905425782569012,-2.261014548747826,-0.8664235030764299,-0.65605032361317,-1.6689223514937919,-0.20817781526102327,-0.11001480712719273,-0.24807238952690958,12.412071228027344
1641028095977,"{'last_model': '{""model_name"": ""baseline01992"", ""model_sha"": ""test_version""}', 'profile': '{""elapsed_ns"": 257}'}",-0.39764636440424433,0.49993424710692347,-2.5175065688565823,1.4598457719261881,-0.08666382440547035,0.3058555770765966,-0.15627131768044694,0.9294639723887077,-0.305653139057544,-0.6285378875598833,0.29288456205300767,0.687293071399841,-0.65605032361317,0.6781539808393627,-0.20817781526102327,0.5464775201665063,-0.14682018621122,12.43134593963623
1641028572730,"{'last_model': '{""model_name"": ""baseline01992"", ""model_sha"": ""test_version""}', 'profile': '{""elapsed_ns"": 234}'}",0.6752651953165153,0.49993424710692347,-0.870656116656122,0.3639262395310252,-0.08666382440547035,0.6538778954684947,-0.0845703334085897,0.9294639723887077,-0.305653139057544,0.905425782569012,1.1441842656532857,1.0727111363862027,-0.65605032361317,0.5761071837813995,-0.20817781526102327,0.8674293246212035,-0.1660308191054204,13.154352188110352
1641029049483,"{'last_model': '{""model_name"": ""baseline01992"", ""model_sha"": ""test_version""}', 'profile': '{""elapsed_ns"": 162}'}",0.6752651953165153,0.1755556681331171,0.5170013007613321,-0.6394806050646078,-0.08666382440547035,2.045967169036087,-0.1594174330554329,0.9294639723887077,2.308796820400806,-0.6285378875598833,1.1441842656532857,1.0124895637320837,2.3588820094007077,-1.5668755544358286,-0.20817781526102327,2.720196559427865,-0.15072868349871568,13.992034912109375
1641029526237,"{'last_model': '{""model_name"": ""baseline01992"", ""model_sha"": ""test_version""}', 'profile': '{""elapsed_ns"": 283}'}",2.821088314758035,0.49993424710692347,-0.7168730625927139,0.12908633973204728,-0.08666382440547035,0.5559966184207734,-0.0931967787916157,-0.9179715198382244,-0.305653139057544,0.905425782569012,0.29288456205300767,-0.4810054380900682,2.0641893753467198,0.23595119358818864,-0.20817781526102327,0.41517905470776645,-0.1610530159562514,12.92620849609375
1641030002990,"{'last_model': '{""model_name"": ""baseline01992"", ""model_sha"": ""test_version""}', 'profile': '{""elapsed_ns"": 208}'}",-0.39764636440424433,-0.4732014898144956,-1.9103162004652856,-1.052229519862744,-0.08666382440547035,-1.0644823015915021,-0.13125462606967156,-0.9179715198382244,-0.305653139057544,0.905425782569012,-1.409714845147548,-0.8302905594839585,-0.65605032361317,-0.13822039562434324,-0.20817781526102327,-1.291700996255851,-0.10426918743980497,12.002464294433594
1641030479743,"{'last_model': '{""model_name"": ""baseline01992"", ""model_sha"": ""test_version""}', 'profile': '{""elapsed_ns"": 145}'}",1.7481767550372749,0.49993424710692347,0.5343289688247771,0.043690012532418936,-0.08666382440547035,0.751759172516216,-0.17311825807553302,0.9294639723887077,-0.305653139057544,-0.6285378875598833,1.1441842656532857,1.181109967163617,-0.65605032361317,1.0523255700518945,-0.20817781526102327,0.12340468702167802,-0.1706398960953917,13.367176055908203
1641030956496,"{'last_model': '{""model_name"": ""baseline01992"", ""model_sha"": ""test_version""}', 'profile': '{""elapsed_ns"": 199}'}",-0.39764636440424433,-0.4732014898144956,1.2173278849938767,0.15755178213195709,-0.08666382440547035,-0.3466862699082124,-0.1750211504394358,-0.9179715198382244,-0.305653139057544,0.905425782569012,-0.5584151415472702,-0.6737144705832491,0.5453888767607812,0.16791999554954648,-0.20817781526102327,-0.5768537954249342,-0.1911779431627038,12.859835624694824
1641031433250,"{'last_model': '{""model_name"": ""baseline01992"", ""model_sha"": ""test_version""}', 'profile': '{""elapsed_ns"": 167}'}",-1.470557924125004,-1.4463372267359147,-0.30028704289972286,-1.1518585682623779,-0.08666382440547035,-0.8360926551468191,-0.3072341118834019,-0.9179715198382244,-0.305653139057544,-0.6285378875598833,-1.409714845147548,-1.1795756808778488,0.477382884286784,-0.920579173068728,-0.20817781526102327,-0.9999266285697624,-0.4197512892493606,12.39440631866455
1641031910003,"{'last_model': '{""model_name"": ""baseline01992"", ""model_sha"": ""test_version""}', 'profile': '{""elapsed_ns"": 160}'}",-0.39764636440424433,-0.4732014898144956,0.9855703246447095,-1.144742207662375,-0.08666382440547035,-0.607703008702136,-0.17311825807553302,-0.9179715198382244,-0.305653139057544,2.4393894526979074,-1.409714845147548,-1.239797253531968,1.06676815239476,-0.886563574049407,-0.20817781526102327,-1.3792333065616775,-0.1706398960953917,12.736356735229492
1641032386756,"{'last_model': '{""model_name"": ""baseline01992"", ""model_sha"": ""test_version""}', 'profile': '{""elapsed_ns"": 83}'}",0.6752651953165153,0.49993424710692347,0.26286216916352284,1.2534713145271201,-0.08666382440547035,0.33848266942583705,-0.23147362390188533,0.9294639723887077,-0.305653139057544,-0.6285378875598833,1.1441842656532857,0.7234260149923124,-0.65605032361317,0.9842943720132524,-0.20817781526102327,0.8820180430055079,-0.22937797325558595,13.246906280517578
1641032863510,"{'last_model': '{""model_name"": ""baseline01992"", ""model_sha"": ""test_version""}', 'profile': '{""elapsed_ns"": 294}'}",0.6752651953165153,1.7974485630021488,-0.23169835681512474,0.5845334181299977,-0.08666382440547035,2.2743568154807705,-0.1313053698660423,0.9294639723887077,-0.305653139057544,-0.6285378875598833,2.8467836728538414,2.86731400147895,-0.65605032361317,1.1203567680905366,-0.20817781526102327,3.755995564713479,-0.07886395507108315,13.966054916381836
1641033340263,"{'last_model': '{""model_name"": ""baseline01992"", ""model_sha"": ""test_version""}', 'profile': '{""elapsed_ns"": 285}'}",-0.39764636440424433,-0.4732014898144956,0.7523687919569733,0.07927181553223037,-0.08666382440547035,-1.1949906709884641,-0.2263485004684405,-0.9179715198382244,-0.305653139057544,0.905425782569012,-1.409714845147548,-0.9748223338538442,-0.65605032361317,-0.9886103711073703,-0.20817781526102327,-1.2187574043343288,-0.24608126826724197,12.637962341308594
1641033817016,"{'last_model': '{""model_name"": ""baseline01992"", ""model_sha"": ""test_version""}', 'profile': '{""elapsed_ns"": 77}'}",-1.470557924125004,-0.4732014898144956,-0.6309567084445682,0.10062089733213746,-0.08666382440547035,-1.1188607888402364,-0.21371329517212592,0.005746226275241667,2.308796820400806,0.905425782569012,-1.409714845147548,-0.8905121321380776,-0.65605032361317,-1.5668755544358286,-0.20817781526102327,-0.9707491918011536,-0.09781647965384514,12.47819709777832
1641034293770,"{'last_model': '{""model_name"": ""baseline01992"", ""model_sha"": ""test_version""}', 'profile': '{""elapsed_ns"": 202}'}",-0.39764636440424433,-1.4463372267359147,-1.3442790437247478,0.47067164853056065,-0.08666382440547035,-0.8360926551468191,-0.19785585880626932,-0.9179715198382244,-0.305653139057544,0.905425782569012,-0.5584151415472702,-0.5773599543366587,-0.65605032361317,0.23595119358818864,-0.20817781526102327,-0.4893214851191077,-0.20050671499040573,12.342187881469727
1641034770523,"{'last_model': '{""model_name"": ""baseline01992"", ""model_sha"": ""test_version""}', 'profile': '{""elapsed_ns"": 293}'}",-0.39764636440424433,0.1755556681331171,0.9653547119040237,-0.0061245116673979754,-0.08666382440547035,0.871391844463431,-0.18582957906640368,-0.9179715198382244,2.308796820400806,-0.6285378875598833,1.1441842656532857,-0.09558737310370638,1.9961833828727225,-0.444360786798233,4.818208907737963,1.3634457496875538,-0.012050775024459167,13.643829345703125
1641035247276,"{'last_model': '{""model_name"": ""baseline01992"", ""model_sha"": ""test_version""}', 'profile': '{""elapsed_ns"": 66}'}",-1.470557924125004,-1.4463372267359147,1.3610031326869416,-0.24808077206627752,-0.08666382440547035,-0.7599627729985914,-0.14391520326417148,-0.9179715198382244,-0.305653139057544,-0.6285378875598833,-0.5584151415472702,-0.49304975262089196,-0.65605032361317,-1.0566415691460125,-0.20817781526102327,-0.1683696806644104,-0.021010820692963377,12.863602638244629
1641035724029,"{'last_model': '{""model_name"": ""baseline01992"", ""model_sha"": ""test_version""}', 'profile': '{""elapsed_ns"": 117}'}",-0.39764636440424433,-0.797580068788302,-0.09668694315378216,0.2927626335313012,-0.08666382440547035,-0.9339739321945405,-0.16550668861992185,-0.9179715198382244,-0.305653139057544,0.905425782569012,-0.5584151415472702,-0.6857587851140728,-0.65605032361317,-0.30829839072094867,-0.20817781526102327,0.1817595605588957,-0.13306670047314564,12.795134544372559
1641036200783,"{'last_model': '{""model_name"": ""baseline01992"", ""model_sha"": ""test_version""}', 'profile': '{""elapsed_ns"": 212}'}",0.6752651953165153,0.8243128260807298,1.1891704243907015,-1.0735786016626512,-0.08666382440547035,0.7408834750664692,-0.17159594418441076,0.005746226275241667,2.308796820400806,0.905425782569012,0.29288456205300767,-0.011277171387939744,1.56547876387074,-1.0566415691460125,-0.20817781526102327,1.0716713820014654,-0.16842753914020547,13.647706985473633
1641036677536,"{'last_model': '{""model_name"": ""baseline01992"", ""model_sha"": ""test_version""}', 'profile': '{""elapsed_ns"": 297}'}",-3.6163810435665233,-2.7438515426311403,-0.24252814935480352,2.747907040520515,-0.08666382440547035,-0.6620814959508701,-0.2568455220872559,0.9294639723887077,-0.305653139057544,-0.6285378875598833,-0.5584151415472702,-0.3846509218434777,-0.65605032361317,0.8482319759359681,-0.20817781526102327,-1.3500558697930687,-0.20382525042318508,12.592246055603027
1641037154289,"{'last_model': '{""model_name"": ""baseline01992"", ""model_sha"": ""test_version""}', 'profile': '{""elapsed_ns"": 119}'}",1.7481767550372749,0.1755556681331171,0.04915426304718789,2.1999472743229336,-0.08666382440547035,-0.11829662346352925,0.00821469825531049,-0.9179715198382244,-0.305653139057544,-0.6285378875598833,-0.5584151415472702,-0.4087395509051253,0.5227202126027821,0.5080759857427573,-0.20817781526102327,-0.9999266285697624,-0.0710838331120116,12.834853172302246
1641037631043,"{'last_model': '{""model_name"": ""baseline01992"", ""model_sha"": ""test_version""}', 'profile': '{""elapsed_ns"": 172}'}",0.6752651953165153,0.49993424710692347,0.23759265323763984,0.12196997913204453,-0.08666382440547035,0.5342452235212797,-0.2200308978202832,0.9294639723887077,-0.305653139057544,-0.6285378875598833,1.1441842656532857,0.9402236765471409,-0.65605032361317,0.9842943720132524,-0.20817781526102327,0.8528406062368991,-0.11577344360677333,13.333150863647461
1641038107796,"{'last_model': '{""model_name"": ""baseline01992"", ""model_sha"": ""test_version""}', 'profile': '{""elapsed_ns"": 215}'}",-0.39764636440424433,-1.4463372267359147,-0.9255270655238518,-0.8885532260634901,-0.08666382440547035,-0.9666010245437809,-0.1379528071906094,-0.9179715198382244,-0.305653139057544,0.905425782569012,-0.5584151415472702,-0.7218917287065443,-0.65605032361317,-0.6144387818948384,-0.20817781526102327,0.16717084217459127,-0.08583287947991976,12.523874282836914
1641038584549,"{'last_model': '{""model_name"": ""baseline01992"", ""model_sha"": ""test_version""}', 'profile': '{""elapsed_ns"": 258}'}",-0.39764636440424433,0.49993424710692347,0.3076253116608584,1.3815658053265625,-0.08666382440547035,-0.3358105724584656,-0.27732064392284994,0.9294639723887077,-0.305653139057544,-0.6285378875598833,0.29288456205300767,-0.02332148591876355,-0.65605032361317,0.9502787729939314,-0.20817781526102327,-0.24131327258593252,-0.32012148103414095,12.97138786315918
1641039061302,"{'last_model': '{""model_name"": ""baseline01992"", ""model_sha"": ""test_version""}', 'profile': '{""elapsed_ns"": 155}'}",2.821088314758035,3.094962878897374,0.5097814390681786,-1.0878113228626567,-0.08666382440547035,3.6990731813976034,-0.10461413297503246,0.9294639723887077,3.6160218001299813,0.905425782569012,1.1441842656532857,3.180466179280369,1.7241594129767335,0.9502787729939314,-0.20817781526102327,1.436389341609076,-0.20382525042318508,14.095687866210938
1641039538056,"{'last_model': '{""model_name"": ""baseline01992"", ""model_sha"": ""test_version""}', 'profile': '{""elapsed_ns"": 239}'}",-0.39764636440424433,0.49993424710692347,-1.2655825512697554,1.2890531175269315,-0.08666382440547035,-0.23792929541074423,-0.24362676313267784,0.9294639723887077,-0.305653139057544,-0.6285378875598833,-0.5584151415472702,0.0850773448586507,-0.65605032361317,0.9842943720132524,-0.20817781526102327,-0.06624865197427947,-0.27738611918312706,12.565052032470703
1641040014809,"{'last_model': '{""model_name"": ""baseline01992"", ""model_sha"": ""test_version""}', 'profile': '{""elapsed_ns"": 138}'}",-0.39764636440424433,1.7974485630021488,0.21087916497308515,0.34969351833101975,-0.08666382440547035,0.4472396439233052,-0.30956832651645594,0.9294639723887077,-0.305653139057544,-0.6285378875598833,0.29288456205300767,0.2777863773518316,0.40937689181278675,0.9502787729939314,-0.20817781526102327,0.7361308591624637,-0.3677240281865645,13.222085952758789
1641040491562,"{'last_model': '{""model_name"": ""baseline01992"", ""model_sha"": ""test_version""}', 'profile': '{""elapsed_ns"": 78}'}",-0.39764636440424433,1.1486914050545363,-1.2684704959469963,-1.593072925460424,11.53883995842766,-0.11829662346352925,0.15362104675566926,0.9294639723887077,3.6160218001299813,0.905425782569012,1.1441842656532857,-0.02332148591876355,-0.2026770404531884,0.30398239162683083,-0.20817781526102327,0.42976777309207087,2.3107396648414777,13.502307891845703
1641040968316,"{'last_model': '{""model_name"": ""baseline01992"", ""model_sha"": ""test_version""}', 'profile': '{""elapsed_ns"": 120}'}",-0.39764636440424433,-0.797580068788302,1.4671350995757733,-0.7035278504643291,-0.08666382440547035,-1.0971093939407428,-0.14188545140934183,-0.9179715198382244,-0.305653139057544,-0.6285378875598833,-1.409714845147548,-0.8664235030764299,-0.65605032361317,-0.5123919848368751,-0.20817781526102327,-0.7373296976522828,-0.1595781113194606,12.618114471435547
1641041445069,"{'last_model': '{""model_name"": ""baseline01992"", ""model_sha"": ""test_version""}', 'profile': '{""elapsed_ns"": 236}'}",0.6752651953165153,-0.797580068788302,-0.40858496829651075,-1.2087894530620964,-0.08666382440547035,-0.21617790051125058,-0.2213248646277371,-0.9179715198382244,2.308796820400806,2.4393894526979074,0.29288456205300767,-0.42078386543594914,0.3413708993387895,-0.5804231828755173,-0.20817781526102327,0.12340468702167802,-0.22963608156702436,13.171709060668945
1641041921822,"{'last_model': '{""model_name"": ""baseline01992"", ""model_sha"": ""test_version""}', 'profile': '{""elapsed_ns"": 226}'}",0.6752651953165153,0.49993424710692347,1.4952925601789484,-0.6537133262645122,-0.08666382440547035,0.284104182177103,0.12500154560257123,0.9294639723887077,-0.305653139057544,-0.6285378875598833,1.1441842656532857,0.6632044423381933,-0.65605032361317,0.7461851788780048,-0.20817781526102327,-0.08083737035858389,0.09996823213980334,13.327579498291016
1641042398576,"{'last_model': '{""model_name"": ""baseline01992"", ""model_sha"": ""test_version""}', 'profile': '{""elapsed_ns"": 279}'}",-0.39764636440424433,-0.4732014898144956,-0.03748407727019112,-0.6892951292644247,-0.08666382440547035,-0.2596806903102378,-0.2763818836899912,-0.9179715198382244,-0.305653139057544,2.4393894526979074,-0.5584151415472702,-0.8905121321380776,1.1347741448687572,-1.5668755544358286,-0.20817781526102327,-0.21213583581732368,-0.28347010080988916,13.008710861206055
1641042875329,"{'last_model': '{""model_name"": ""baseline01992"", ""model_sha"": ""test_version""}', 'profile': '{""elapsed_ns"": 83}'}",0.6752651953165153,0.49993424710692347,1.1068640010891324,-0.16268444486664918,-0.08666382440547035,0.8278890546644437,-0.09842338981780203,0.9294639723887077,-0.305653139057544,-0.6285378875598833,0.29288456205300767,1.2654201688793836,-0.65605032361317,1.0183099710325736,-0.20817781526102327,-0.07500188300486212,-0.11514660913613724,13.252005577087402
1641043352082,"{'last_model': '{""model_name"": ""baseline01992"", ""model_sha"": ""test_version""}', 'profile': '{""elapsed_ns"": 150}'}",-0.39764636440424433,-0.4732014898144956,0.9473050576711914,-1.1874403712621893,-0.08666382440547035,-0.7382113780990978,-0.2771430406355524,-0.9179715198382244,-0.305653139057544,-0.6285378875598833,-0.5584151415472702,-1.107309793692906,0.5453888767607812,-0.6824699799334806,-0.20817781526102327,-0.8540394447267182,-0.32181762136645037,12.845781326293945
1641043828835,"{'last_model': '{""model_name"": ""baseline01992"", ""model_sha"": ""test_version""}', 'profile': '{""elapsed_ns"": 177}'}",-0.39764636440424433,-1.4463372267359147,0.1942734830789247,0.5703006969300933,-0.08666382440547035,-0.607703008702136,-0.1495223927631384,-0.9179715198382244,-0.305653139057544,-0.6285378875598833,-0.5584151415472702,-0.3244293491893587,-0.65605032361317,-0.5123919848368751,-0.20817781526102327,-0.7519184160365873,-0.14807385515249222,12.713138580322266
1641044305589,"{'last_model': '{""model_name"": ""baseline01992"", ""model_sha"": ""test_version""}', 'profile': '{""elapsed_ns"": 108}'}",0.6752651953165153,0.8243128260807298,0.8808823300944983,0.17178450333186143,-0.08666382440547035,1.3607982297020378,-0.1466553682681915,0.9294639723887077,-0.305653139057544,0.905425782569012,1.9954839692535635,1.85559158088975,-0.65605032361317,0.814216376916647,-0.20817781526102327,0.5902436753194196,-0.13218175769107116,13.748184204101562
1641044782342,"{'last_model': '{""model_name"": ""baseline01992"", ""model_sha"": ""test_version""}', 'profile': '{""elapsed_ns"": 221}'}",-1.470557924125004,-1.4463372267359147,0.6159134059570616,-0.9952986350630255,-0.08666382440547035,-1.0427309066920085,-0.3278868370062935,0.005746226275241667,-0.305653139057544,-0.6285378875598833,-0.5584151415472702,-0.8062019304223109,-0.65605032361317,-2.0771095397256447,-0.20817781526102327,-0.708152260883674,-0.32181762136645037,12.913979530334473
1641045259095,"{'last_model': '{""model_name"": ""baseline01992"", ""model_sha"": ""test_version""}', 'profile': '{""elapsed_ns"": 82}'}",0.6752651953165153,-0.4732014898144956,0.9328653342849873,-1.0735786016626512,-0.08666382440547035,0.2623527872776093,-0.2568455220872559,0.005746226275241667,-0.305653139057544,-0.6285378875598833,-0.5584151415472702,0.45845109531418865,-0.3160203612431838,-1.804984747571076,-0.20817781526102327,-0.8686281631110226,-0.29231952863063404,13.141839981079102
1641045735849,"{'last_model': '{""model_name"": ""baseline01992"", ""model_sha"": ""test_version""}', 'profile': '{""elapsed_ns"": 160}'}",-0.39764636440424433,-1.4463372267359147,-0.3970331895875474,0.14331906093195163,-0.08666382440547035,-0.7382113780990978,-0.13886619552528273,-0.9179715198382244,-0.305653139057544,0.905425782569012,-0.5584151415472702,-0.8784678176072538,0.11468425775879872,-0.5464075838561963,-0.20817781526102327,-0.8540394447267182,-0.17034491516803354,12.55289077758789
1641046212602,"{'last_model': '{""model_name"": ""baseline01992"", ""model_sha"": ""test_version""}', 'profile': '{""elapsed_ns"": 134}'}",0.6752651953165153,0.49993424710692347,-0.8056773614180492,-0.45445522946544675,-0.08666382440547035,0.6103751056695075,-0.1066438848298621,0.9294639723887077,-0.305653139057544,-0.6285378875598833,0.29288456205300767,1.0245338782629074,-0.65605032361317,0.9502787729939314,-0.20817781526102327,-0.44555532996619446,-0.09991821876127206,12.88039779663086
1641046689355,"{'last_model': '{""model_name"": ""baseline01992"", ""model_sha"": ""test_version""}', 'profile': '{""elapsed_ns"": 89}'}",1.7481767550372749,-0.4732014898144956,1.373276897565241,-0.4686879506653511,-0.08666382440547035,0.8387647521141905,-0.07771992089853964,-0.9179715198382244,-0.305653139057544,-0.6285378875598833,1.1441842656532857,1.2774644834102074,-0.65605032361317,-0.6824699799334806,-0.20817781526102327,0.95496163492703,-0.041438249912516184,13.575772285461426
1641047166108,"{'last_model': '{""model_name"": ""baseline01992"", ""model_sha"": ""test_version""}', 'profile': '{""elapsed_ns"": 180}'}",-1.470557924125004,0.1755556681331171,0.4787360337877627,1.111144102527672,-0.08666382440547035,-0.6185787061518828,-0.1939232145875369,0.9294639723887077,-0.305653139057544,-0.6285378875598833,-0.5584151415472702,-0.3364736637201825,-0.65605032361317,0.5420915847620784,-0.20817781526102327,-0.6935635424993696,-0.1699024437769963,12.784012794494629
1641047642862,"{'last_model': '{""model_name"": ""baseline01992"", ""model_sha"": ""test_version""}', 'profile': '{""elapsed_ns"": 217}'}",-0.39764636440424433,-0.4732014898144956,-2.3810511828566194,1.9793400957238598,-0.08666382440547035,-0.542448824003655,12.485885878736891,-0.9179715198382244,2.308796820400806,0.905425782569012,-0.5584151415472702,-0.25216346200441586,-0.65605032361317,0.4740603867234362,-0.20817781526102327,0.07963853186876475,7.288469068778644,12.899068832397461
1641048119615,"{'last_model': '{""model_name"": ""baseline01992"", ""model_sha"": ""test_version""}', 'profile': '{""elapsed_ns"": 250}'}",0.6752651953165153,-0.4732014898144956,1.3465634093006862,-0.8956695866634928,-0.08666382440547035,0.1753472076796348,-0.18834139698675537,-0.9179715198382244,-0.305653139057544,0.905425782569012,-0.5584151415472702,-0.8062019304223109,1.882840062082727,-0.5123919848368751,-0.20817781526102327,-0.7956845711895005,-0.19276346564725394,12.978468894958496
1641048596368,"{'last_model': '{""model_name"": ""baseline01992"", ""model_sha"": ""test_version""}', 'profile': '{""elapsed_ns"": 271}'}",-0.39764636440424433,-1.4463372267359147,-1.5659287977034693,-0.6750624080644192,-0.08666382440547035,-1.2711205531366918,-0.09657124125026999,-0.9179715198382244,-0.305653139057544,-0.6285378875598833,-0.5584151415472702,-1.0591325355696108,-0.65605032361317,-0.5464075838561963,-0.20817781526102327,-0.7227409792679784,-0.15898814946474427,12.141993522644043
1641049073122,"{'last_model': '{""model_name"": ""baseline01992"", ""model_sha"": ""test_version""}', 'profile': '{""elapsed_ns"": 140}'}",0.6752651953165153,-0.4732014898144956,-0.47284173736529894,0.19313358513176854,-0.08666382440547035,-0.7164599831996041,-0.24207907734337022,-0.9179715198382244,-0.305653139057544,2.4393894526979074,-2.261014548747826,-0.9025564466689013,0.20535891439079504,-0.9886103711073703,-0.20817781526102327,-1.2187574043343288,-0.2708596661653277,12.354694366455078
1641049549875,"{'last_model': '{""model_name"": ""baseline01992"", ""model_sha"": ""test_version""}', 'profile': '{""elapsed_ns"": 89}'}",0.6752651953165153,0.49993424710692347,1.210830009470059,-0.02747359346730506,-0.08666382440547035,-0.20530220306150376,-0.19595296644236654,-0.9179715198382244,-0.305653139057544,0.905425782569012,-0.5584151415472702,-0.3485179782510063,0.2280275785487941,0.23595119358818864,-0.20817781526102327,0.12340468702167802,-0.20382525042318508,12.991130828857422
1641050026628,"{'last_model': '{""model_name"": ""baseline01992"", ""model_sha"": ""test_version""}', 'profile': '{""elapsed_ns"": 222}'}",0.6752651953165153,-0.4732014898144956,-0.21364870258229257,0.5916497787300005,-0.08666382440547035,2.0785942613853274,-0.036871164820093026,0.9294639723887077,-0.305653139057544,-0.6285378875598833,2.8467836728538414,2.6505163399241214,-0.65605032361317,1.188387966129179,-0.20817781526102327,5.550407925982923,0.03617860659860053,14.048248291015625
1641050503381,"{'last_model': '{""model_name"": ""baseline01992"", ""model_sha"": ""test_version""}', 'profile': '{""elapsed_ns"": 124}'}",-0.39764636440424433,-0.4732014898144956,0.23687066706830398,-0.6679460474645176,-0.08666382440547035,-0.5968273112523892,-0.357698817374104,2.77689946461564,-0.305653139057544,-0.6285378875598833,0.29288456205300767,-0.3123850346585349,-0.65605032361317,1.4945283573030685,-0.20817781526102327,-0.5914425138092386,-0.3986970255591717,12.879615783691406
1641050980135,"{'last_model': '{""model_name"": ""baseline01992"", ""model_sha"": ""test_version""}', 'profile': '{""elapsed_ns"": 314}'}",0.6752651953165153,0.49993424710692347,-1.590476327460119,1.0186314147281421,-0.08666382440547035,-0.0856695311142888,0.5612713349000182,0.9294639723887077,-0.305653139057544,-0.6285378875598833,0.29288456205300767,0.253697748290184,-0.65605032361317,0.6101227828007205,-0.20817781526102327,0.5902436753194196,0.8901115186845634,12.701171875
1641051456888,"{'last_model': '{""model_name"": ""baseline01992"", ""model_sha"": ""test_version""}', 'profile': '{""elapsed_ns"": 67}'}",0.6752651953165153,-1.4463372267359147,0.06575994494139965,-0.5754333596648865,-0.08666382440547035,0.36023406432533067,-0.2016616435340749,-0.9179715198382244,-0.305653139057544,-0.6285378875598833,-0.5584151415472702,-0.3364736637201825,1.3841294506067472,-0.47837638581755404,-0.20817781526102327,-0.153780962280106,-0.23866987246736812,12.843365669250488
1641051933641,"{'last_model': '{""model_name"": ""baseline01992"", ""model_sha"": ""test_version""}', 'profile': '{""elapsed_ns"": 327}'}",-0.39764636440424433,-1.4463372267359147,-0.480061599058401,-0.8743205048635857,-0.08666382440547035,-0.5315731265539082,-0.22030998870032228,-0.9179715198382244,-0.305653139057544,-0.6285378875598833,-0.5584151415472702,-0.8784678176072538,0.5453888767607812,-0.5123919848368751,-0.20817781526102327,-0.8394507263424138,-0.23922296170616467,12.495392799377441
1641052410395,"{'last_model': '{""model_name"": ""baseline01992"", ""model_sha"": ""test_version""}', 'profile': '{""elapsed_ns"": 254}'}",-0.39764636440424433,-1.4463372267359147,-0.41436085765104375,-0.8245059806637688,-0.08666382440547035,-0.4771946393051742,0.08171708729832905,0.005746226275241667,-0.305653139057544,-0.6285378875598833,-1.409714845147548,-0.17989757481947302,-0.65605032361317,-0.9886103711073703,-0.20817781526102327,-0.708152260883674,-0.13505782173281325,12.480755805969238
1641052887148,"{'last_model': '{""model_name"": ""baseline01992"", ""model_sha"": ""test_version""}', 'profile': '{""elapsed_ns"": 116}'}",0.6752651953165153,-0.4732014898144956,0.7646425568352725,-0.5327351960650724,-0.08666382440547035,0.2732284847273561,-0.2771430406355524,0.9294639723887077,-0.305653139057544,2.4393894526979074,0.29288456205300767,-0.5894042688674824,1.6788220846607353,-1.6008911534551498,-0.20817781526102327,0.07963853186876475,-0.32181762136645037,13.496371269226074
1641053363901,"{'last_model': '{""model_name"": ""baseline01992"", ""model_sha"": ""test_version""}', 'profile': '{""elapsed_ns"": 232}'}",-1.470557924125004,-1.4463372267359147,0.4513005593539235,-0.5540842778649795,-0.08666382440547035,-1.010103814342768,-0.26699428136140413,-0.9179715198382244,-0.305653139057544,0.905425782569012,-0.5584151415472702,-0.7700689868298395,-0.65605032361317,-2.2471875348222503,-0.20817781526102327,-1.087458938875589,-0.30706857499854223,12.863784790039062
1641053840655,"{'last_model': '{""model_name"": ""baseline01992"", ""model_sha"": ""test_version""}', 'profile': '{""elapsed_ns"": 281}'}",1.7481767550372749,0.1755556681331171,0.15600821610535534,-0.22673169026637044,-0.08666382440547035,1.5565607837974804,-0.0274074467969498,-0.9179715198382244,2.308796820400806,-0.6285378875598833,0.29288456205300767,0.07303303032782689,3.1069479266146773,-0.4103451877789119,-0.20817781526102327,1.0133165084642477,-0.14667269574754094,13.394705772399902
1641054317408,"{'last_model': '{""model_name"": ""baseline01992"", ""model_sha"": ""test_version""}', 'profile': '{""elapsed_ns"": 125}'}",-0.39764636440424433,0.8243128260807298,-0.8446646145609031,0.5418352545301836,-0.08666382440547035,-0.6947085883001105,-0.19214718171456094,-0.9179715198382244,-0.305653139057544,0.905425782569012,-0.5584151415472702,-0.9025564466689013,0.2506962427067932,0.30398239162683083,-0.20817781526102327,-0.6935635424993696,-0.1982943580352195,12.588438987731934
1641054794161,"{'last_model': '{""model_name"": ""baseline01992"", ""model_sha"": ""test_version""}', 'profile': '{""elapsed_ns"": 119}'}",0.6752651953165153,1.4730699840283425,-1.8958764770790302,-0.9668331926631156,-0.08666382440547035,1.291193766023658,-0.2271857731085577,0.9294639723887077,-0.305653139057544,-0.6285378875598833,0.29288456205300767,1.7785079678924778,-0.65605032361317,1.4605127582837476,-0.20817781526102327,1.6070773467054378,-0.2787135333562388,12.82865047454834
1641055270914,"{'last_model': '{""model_name"": ""baseline01992"", ""model_sha"": ""test_version""}', 'profile': '{""elapsed_ns"": 283}'}",0.6752651953165153,0.49993424710692347,-0.5789737042541305,0.22159902753157723,-0.08666382440547035,0.08834162808166027,-0.24022692877583818,0.9294639723887077,-0.305653139057544,-0.6285378875598833,-0.5584151415472702,0.4464067807833649,-0.65605032361317,1.0863411690712157,-0.20817781526102327,0.2547031524804178,-0.27546874315529896,12.742918968200684
1641055747668,"{'last_model': '{""model_name"": ""baseline01992"", ""model_sha"": ""test_version""}', 'profile': '{""elapsed_ns"": 355}'}",0.6752651953165153,-0.4732014898144956,0.9343093066236077,2.1501327501231167,-0.08666382440547035,-0.4336918495061869,0.004079078851095085,-0.9179715198382244,-0.305653139057544,0.905425782569012,-0.5584151415472702,-1.1434427372853775,1.2481174656587528,0.2699667926075097,-0.20817781526102327,-0.2704907093545414,0.087173434415643,12.825953483581543
1641056224421,"{'last_model': '{""model_name"": ""baseline01992"", ""model_sha"": ""test_version""}', 'profile': '{""elapsed_ns"": 172}'}",-0.39764636440424433,0.49993424710692347,-0.07935927509028586,-1.2301385348620035,-0.08666382440547035,-0.7925898653478318,-0.35615113158479633,2.77689946461564,-0.305653139057544,-0.6285378875598833,0.29288456205300767,-0.6255372124599539,-0.47470101034917733,1.188387966129179,-0.20817781526102327,-0.9269830366482403,-0.4366389473406154,12.788045883178711
1641056701174,"{'last_model': '{""model_name"": ""baseline01992"", ""model_sha"": ""test_version""}', 'profile': '{""elapsed_ns"": 272}'}",0.6752651953165153,2.4462057209497616,0.12135287997841401,-0.0061245116673979754,-0.08666382440547035,2.1438484460838083,-0.1371662783468629,0.9294639723887077,-0.305653139057544,-0.6285378875598833,2.8467836728538414,1.8917245244822216,0.9080875032887664,0.6441383818200416,-0.20817781526102327,1.9615832034440353,-0.12137808122657844,13.915698051452637
1641057177928,"{'last_model': '{""model_name"": ""baseline01992"", ""model_sha"": ""test_version""}', 'profile': '{""elapsed_ns"": 122}'}",-0.39764636440424433,-0.797580068788302,-0.685827657312298,0.21448266693167561,-0.08666382440547035,-0.7164599831996041,-0.18884883495046276,-0.9179715198382244,-0.305653139057544,0.905425782569012,-0.5584151415472702,-0.44487249449759675,-0.65605032361317,-0.27428279170162756,-0.20817781526102327,-0.38720045642897677,-0.18538894246329987,12.56094741821289
1641057654681,"{'last_model': '{""model_name"": ""baseline01992"", ""model_sha"": ""test_version""}', 'profile': '{""elapsed_ns"": 96}'}",0.6752651953165153,0.49993424710692347,0.17189191183023125,1.1538422661274863,-0.08666382440547035,0.9594849938063802,-0.07046355801752366,0.9294639723887077,-0.305653139057544,-0.6285378875598833,1.1441842656532857,1.4111563747023517,-0.65605032361317,0.9162631739746102,-0.20817781526102327,0.9257841981584212,0.185143974914473,13.328145027160645
1641058131434,"{'last_model': '{""model_name"": ""baseline01992"", ""model_sha"": ""test_version""}', 'profile': '{""elapsed_ns"": 316}'}",-0.39764636440424433,-1.4463372267359147,-0.17249549093153368,-1.173207650062285,-0.08666382440547035,-1.2276177633377046,-0.2463415562385125,-0.9179715198382244,-0.305653139057544,-0.6285378875598833,-0.5584151415472702,-1.1554870518162013,-0.384026353717181,-0.920579173068728,-0.20817781526102327,-0.7227409792679784,-0.18774878988216517,12.507878303527832
1641058608187,"{'last_model': '{""model_name"": ""baseline01992"", ""model_sha"": ""test_version""}', 'profile': '{""elapsed_ns"": 87}'}",0.6752651953165153,-0.14882291084068927,0.7819702248987688,-1.0095313562629298,-0.08666382440547035,-0.20530220306150376,-0.26445709154286706,0.005746226275241667,-0.305653139057544,-0.6285378875598833,-0.5584151415472702,-0.3605622927818301,0.2506962427067932,-2.179156336783608,4.7956127636285775,-0.5039102035034121,-0.32144889520725267,13.117196083068848
1641059084941,"{'last_model': '{""model_name"": ""baseline01992"", ""model_sha"": ""test_version""}', 'profile': '{""elapsed_ns"": 124}'}",-0.39764636440424433,-0.797580068788302,-1.3457230160633682,-0.013240872267299584,-0.08666382440547035,-0.5206974291041614,-0.1484567730393528,-0.9179715198382244,-0.305653139057544,0.905425782569012,-0.5584151415472702,-0.22807483294276823,-0.65605032361317,-0.27428279170162756,-0.20817781526102327,-0.4017891748132812,-0.17432715768736876,12.408655166625977
1641059561694,"{'last_model': '{""model_name"": ""baseline01992"", ""model_sha"": ""test_version""}', 'profile': '{""elapsed_ns"": 118}'}",-0.39764636440424433,0.49993424710692347,-1.1565626397036317,-1.8350291858593035,-0.08666382440547035,1.1498096991769495,1.0028692228163931,0.005746226275241667,-0.305653139057544,2.4393894526979074,0.29288456205300767,1.6219318789917683,-0.65605032361317,-2.0771095397256447,-0.20817781526102327,0.4589452098606797,1.5384058517859667,13.183058738708496
1641060038447,"{'last_model': '{""model_name"": ""baseline01992"", ""model_sha"": ""test_version""}', 'profile': '{""elapsed_ns"": 148}'}",-0.39764636440424433,0.1755556681331171,-0.17538343560877453,-0.14845172366674483,-0.08666382440547035,0.11009302298115389,-0.12833685777835394,-0.9179715198382244,-0.305653139057544,0.905425782569012,0.29288456205300767,-0.15580894575782542,0.5227202126027821,-0.17223599464366432,-0.20817781526102327,0.8966067613898123,-0.09932825690655572,13.191119194030762
1641060515201,"{'last_model': '{""model_name"": ""baseline01992"", ""model_sha"": ""test_version""}', 'profile': '{""elapsed_ns"": 98}'}",-0.39764636440424433,-1.4463372267359147,-0.7053212838836993,0.20736630633167288,-0.08666382440547035,-1.020979511792515,-0.1868190830956331,-0.9179715198382244,-0.305653139057544,0.905425782569012,-1.409714845147548,-0.7821133013606633,-0.65605032361317,-0.444360786798233,-0.20817781526102327,-0.9999266285697624,-0.19055110869206773,12.325013160705566
1641060991954,"{'last_model': '{""model_name"": ""baseline01992"", ""model_sha"": ""test_version""}', 'profile': '{""elapsed_ns"": 83}'}",-1.470557924125004,-1.4463372267359147,0.5321630103168721,-1.0237640774629353,-0.08666382440547035,-1.0536066041417553,-0.2974405591838488,-0.9179715198382244,-0.305653139057544,-0.6285378875598833,-0.5584151415472702,-0.8182462449531347,-0.65605032361317,-1.5668755544358286,-0.20817781526102327,-1.18957996756572,-0.33656666773435856,12.765775680541992
1641061468707,"{'last_model': '{""model_name"": ""baseline01992"", ""model_sha"": ""test_version""}', 'profile': '{""elapsed_ns"": 252}'}",-0.39764636440424433,-0.4732014898144956,1.0021760065389211,0.669929745329626,-0.08666382440547035,-0.31405917755897195,-0.1284637172692808,-0.9179715198382244,-0.305653139057544,0.905425782569012,-0.5584151415472702,-0.4569168090284205,0.20535891439079504,0.23595119358818864,-0.20817781526102327,-0.24131327258593252,-0.11699023993212576,12.884965896606445
1641061945461,"{'last_model': '{""model_name"": ""baseline01992"", ""model_sha"": ""test_version""}', 'profile': '{""elapsed_ns"": 268}'}",-0.39764636440424433,-1.4463372267359147,0.4549104902005002,0.669929745329626,-0.08666382440547035,-1.2384934607874514,-0.186057926150072,-0.9179715198382244,-0.305653139057544,0.905425782569012,-1.409714845147548,-1.0229995919771393,-0.65605032361317,-0.4103451877789119,-0.20817781526102327,-1.0728702204912846,-0.18944493021447462,12.556541442871094
1641062422214,"{'last_model': '{""model_name"": ""baseline01992"", ""model_sha"": ""test_version""}', 'profile': '{""elapsed_ns"": 150}'}",-0.39764636440424433,-0.4732014898144956,0.8094056993326081,0.3354607971311154,-0.08666382440547035,-0.6294544036016296,-0.19171585944540964,-0.9179715198382244,-0.305653139057544,-0.6285378875598833,0.29288456205300767,-0.3485179782510063,-0.65605032361317,0.09988879751090432,-0.20817781526102327,-0.09542608874288831,-0.1898505289895921,12.960931777954102
1641062898967,"{'last_model': '{""model_name"": ""baseline01992"", ""model_sha"": ""test_version""}', 'profile': '{""elapsed_ns"": 287}'}",-0.39764636440424433,0.49993424710692347,0.5141133560840913,1.466962132526191,-0.08666382440547035,0.43636394647355836,-0.21117610535358888,0.9294639723887077,-0.305653139057544,-0.6285378875598833,0.29288456205300767,0.8318248457697266,-0.65605032361317,1.0523255700518945,-0.20817781526102327,0.47353392824498414,-0.22388395348354018,13.145132064819336
1641063375720,"{'last_model': '{""model_name"": ""baseline01992"", ""model_sha"": ""test_version""}', 'profile': '{""elapsed_ns"": 219}'}",0.6752651953165153,0.1755556681331171,1.439699625141934,-1.0095313562629298,-0.08666382440547035,0.08834162808166027,-0.1549266070766223,-0.9179715198382244,-0.305653139057544,-0.6285378875598833,-0.5584151415472702,-0.39669523637430154,0.9307561674467656,-0.2062515936629854,-0.20817781526102327,-0.153780962280106,-0.14420223048091632,12.988314628601074
1641063852474,"{'last_model': '{""model_name"": ""baseline01992"", ""model_sha"": ""test_version""}', 'profile': '{""elapsed_ns"": 209}'}",-0.39764636440424433,-0.4732014898144956,-1.8958764770790302,-1.1803240106621866,-0.08666382440547035,-0.4445675469559337,-0.2035645358979777,-0.9179715198382244,-0.305653139057544,-0.6285378875598833,-0.5584151415472702,-0.7459803577681918,0.477382884286784,0.23595119358818864,-0.20817781526102327,-0.3580230196603679,-0.21119977360713915,12.192089080810547
1641064329227,"{'last_model': '{""model_name"": ""baseline01992"", ""model_sha"": ""test_version""}', 'profile': '{""elapsed_ns"": 105}'}",-0.39764636440424433,0.1755556681331171,0.6736722995019809,-1.4080475498612628,-0.08666382440547035,0.9040189368126714,0.017830647667565938,0.005746226275241667,-0.305653139057544,0.905425782569012,1.1441842656532857,0.867957789362198,0.2506962427067932,-1.6349067524744707,-0.20817781526102327,0.5610662385508107,-0.22893550186454872,13.803608894348145
1641064805980,"{'last_model': '{""model_name"": ""baseline01992"", ""model_sha"": ""test_version""}', 'profile': '{""elapsed_ns"": 107}'}",-0.39764636440424433,-0.14882291084068927,0.9754625182743666,0.8407223997288827,-0.08666382440547035,-0.7055842857498573,-0.14394057516235684,-0.9179715198382244,-0.305653139057544,0.905425782569012,0.29288456205300767,-0.9627780193230203,0.3413708993387895,0.40602918868479404,-0.20817781526102327,-0.2267245542016281,-0.17421653983960944,12.98244857788086
1641065282734,"{'last_model': '{""model_name"": ""baseline01992"", ""model_sha"": ""test_version""}', 'profile': '{""elapsed_ns"": 80}'}",-0.39764636440424433,-1.4463372267359147,-0.34649415773573017,0.32834443653111267,-0.08666382440547035,-0.45544324440568057,-0.09446537370088423,-0.9179715198382244,-0.305653139057544,-0.6285378875598833,-0.5584151415472702,-0.15580894575782542,-0.65605032361317,-0.47837638581755404,-0.20817781526102327,-0.8832168814953271,-0.06831838691802881,12.579352378845215
1641065759487,"{'last_model': '{""model_name"": ""baseline01992"", ""model_sha"": ""test_version""}', 'profile': '{""elapsed_ns"": 81}'}",-0.39764636440424433,-0.4732014898144956,1.3559492295017446,-0.7391096534641405,-0.08666382440547035,-0.9883524194432746,-0.17190040696263523,-0.9179715198382244,-0.305653139057544,-0.6285378875598833,-0.5584151415472702,-0.7459803577681918,-0.65605032361317,-0.6484543809141594,-0.20817781526102327,-1.1458138124128068,-0.16890688314716248,12.747669219970703
1641066236240,"{'last_model': '{""model_name"": ""baseline01992"", ""model_sha"": ""test_version""}', 'profile': '{""elapsed_ns"": 262}'}",-0.39764636440424433,0.49993424710692347,-1.8128480676081764,-0.9597168320632141,-0.08666382440547035,-0.04216674131530153,-0.130874047596891,0.9294639723887077,-0.305653139057544,-0.6285378875598833,0.29288456205300767,0.3018750064134792,-0.65605032361317,0.4740603867234362,-0.20817781526102327,0.5318888017822019,-0.09505103345986236,12.545282363891602
1641066712993,"{'last_model': '{""model_name"": ""baseline01992"", ""model_sha"": ""test_version""}', 'profile': '{""elapsed_ns"": 84}'}",-0.39764636440424433,-1.4463372267359147,0.9927901863378629,-0.4900370324652582,-0.08666382440547035,-0.6947085883001105,-0.1583771852298327,0.005746226275241667,-0.305653139057544,-0.6285378875598833,-0.5584151415472702,-0.42078386543594914,-0.65605032361317,-1.1586883662039758,-0.20817781526102327,-0.4163778931975856,-0.18280785934891594,12.865389823913574
1641067189747,"{'last_model': '{""model_name"": ""baseline01992"", ""model_sha"": ""test_version""}', 'profile': '{""elapsed_ns"": 331}'}",0.6752651953165153,0.1755556681331171,1.418762026231861,0.7197442695294429,-0.08666382440547035,0.33848266942583705,0.6491849621123273,-0.9179715198382244,-0.305653139057544,0.905425782569012,0.29288456205300767,0.7234260149923124,-0.65605032361317,-0.07018919758570108,-0.20817781526102327,1.7719298644480777,0.8945731052108556,13.367137908935547
1641067666500,"{'last_model': '{""model_name"": ""baseline01992"", ""model_sha"": ""test_version""}', 'profile': '{""elapsed_ns"": 111}'}",-0.39764636440424433,-0.14882291084068927,1.4368116804646418,-0.4686879506653511,-0.08666382440547035,0.32760697197609023,0.07679493905036715,0.9294639723887077,-0.305653139057544,0.905425782569012,0.29288456205300767,0.38618520812924584,-0.04399639134719484,-1.2607351632619388,-0.20817781526102327,0.06504981348446033,0.41194743543698076,13.341550827026367
1641068143253,"{'last_model': '{""model_name"": ""baseline01992"", ""model_sha"": ""test_version""}', 'profile': '{""elapsed_ns"": 250}'}",0.6752651953165153,0.49993424710692347,-1.2756903576400984,0.32834443653111267,-0.08666382440547035,-0.12917232091327605,-0.12749958513823673,0.9294639723887077,-0.305653139057544,-0.6285378875598833,0.29288456205300767,0.20552049016688875,-0.65605032361317,1.0183099710325736,-0.20817781526102327,0.21093699732750454,-0.18679010186825115,12.66004753112793
1641068620007,"{'last_model': '{""model_name"": ""baseline01992"", ""model_sha"": ""test_version""}', 'profile': '{""elapsed_ns"": 54}'}",0.6752651953165153,0.8243128260807298,-1.8236778601478554,-1.030880438062837,-0.08666382440547035,0.06659023318216663,-0.17311825807553302,0.9294639723887077,-0.305653139057544,0.905425782569012,-0.5584151415472702,0.42231815172171727,-0.65605032361317,0.6441383818200416,-0.20817781526102327,-0.037071215205670624,-0.21112602837529962,12.436017036437988
1641069096760,"{'last_model': '{""model_name"": ""baseline01992"", ""model_sha"": ""test_version""}', 'profile': '{""elapsed_ns"": 223}'}",-0.39764636440424433,-0.14882291084068927,0.9444171129939506,-0.8885532260634901,-0.08666382440547035,0.22972569492836886,-0.25174577055199643,-0.9179715198382244,-0.305653139057544,0.905425782569012,-0.5584151415472702,-0.3605622927818301,1.1574428090267563,-0.3763295887595908,-0.20817781526102327,-1.1020476572598934,-0.2849081328307602,13.011096954345703
1641069573513,"{'last_model': '{""model_name"": ""baseline01992"", ""model_sha"": ""test_version""}', 'profile': '{""elapsed_ns"": 172}'}",-1.470557924125004,-1.4463372267359147,-0.11112666654003765,-1.2799530590618204,-0.08666382440547035,-1.0862336964909958,-0.18136412498577845,-0.9179715198382244,-0.305653139057544,-0.6285378875598833,-1.409714845147548,-0.8543791885456061,-0.65605032361317,-0.5464075838561963,-0.20817781526102327,-0.37261173804467235,-0.1982943580352195,12.469985961914062
1641070050267,"{'last_model': '{""model_name"": ""baseline01992"", ""model_sha"": ""test_version""}', 'profile': '{""elapsed_ns"": 98}'}",0.6752651953165153,0.49993424710692347,-0.8569383794392023,-0.4117570658656326,-0.08666382440547035,0.21884999747862205,-0.17083478723884965,-0.9179715198382244,3.6160218001299813,-0.6285378875598833,-0.5584151415472702,-0.4810054380900682,1.3614607864487482,0.40602918868479404,-0.20817781526102327,0.00669493994724264,-0.13745454176759833,12.795387268066406
1641070527020,"{'last_model': '{""model_name"": ""baseline01992"", ""model_sha"": ""test_version""}', 'profile': '{""elapsed_ns"": 96}'}",-0.39764636440424433,-0.4732014898144956,0.9400851959780894,2.1287836683232095,-0.08666382440547035,-0.45544324440568057,0.03429700958987144,0.9294639723887077,-0.305653139057544,-0.6285378875598833,-0.5584151415472702,-0.15580894575782542,-0.65605032361317,0.6441383818200416,-0.20817781526102327,-0.6789748241150652,0.1307937390487314,12.753351211547852
1641071003773,"{'last_model': '{""model_name"": ""baseline01992"", ""model_sha"": ""test_version""}', 'profile': '{""elapsed_ns"": 43}'}",-0.39764636440424433,-0.797580068788302,-0.49161337776741565,-0.6750624080644192,-0.08666382440547035,0.14272011533039436,-0.0967234726393822,0.005746226275241667,-0.305653139057544,-0.6285378875598833,-0.5584151415472702,0.5066283534374839,-0.65605032361317,-1.2607351632619388,-0.20817781526102327,-1.0728702204912846,-0.15876691376922564,12.720614433288574
1641071480526,"{'last_model': '{""model_name"": ""baseline01992"", ""model_sha"": ""test_version""}', 'profile': '{""elapsed_ns"": 314}'}",-0.39764636440424433,0.1755556681331171,1.3920485379673062,0.6983951877295358,-0.08666382440547035,-0.19442650561175695,0.8039281691449025,0.005746226275241667,-0.305653139057544,0.905425782569012,-0.5584151415472702,-0.42078386543594914,0.38670822765478763,-0.07018919758570108,-0.20817781526102327,0.6923647040095505,1.136863064419667,13.018741607666016
1641071957280,"{'last_model': '{""model_name"": ""baseline01992"", ""model_sha"": ""test_version""}', 'profile': '{""elapsed_ns"": 87}'}",-0.39764636440424433,0.49993424710692347,0.7848581695760096,-1.336883943861539,-0.08666382440547035,-0.542448824003655,-0.3451143558741601,0.9294639723887077,2.308796820400806,-0.6285378875598833,0.29288456205300767,-0.8543791885456061,0.477382884286784,1.4605127582837476,-0.20817781526102327,-0.6643861057307607,-0.4192719452424036,13.080617904663086
1641072434033,"{'last_model': '{""model_name"": ""baseline01992"", ""model_sha"": ""test_version""}', 'profile': '{""elapsed_ns"": 234}'}",-0.39764636440424433,0.49993424710692347,1.4750769474382113,-0.5398515566650751,-0.08666382440547035,0.6212508031192543,-0.0931967787916157,0.9294639723887077,-0.305653139057544,-0.6285378875598833,1.1441842656532857,1.0365781927937314,-0.65605032361317,1.1543723671098578,-0.20817781526102327,0.3130580260176355,-0.10010258184087091,13.455465316772461
1641072910786,"{'last_model': '{""model_name"": ""baseline01992"", ""model_sha"": ""test_version""}', 'profile': '{""elapsed_ns"": 195}'}",-1.470557924125004,-0.4732014898144956,-0.7970135273863267,-1.144742207662375,11.53883995842766,-0.6838328908503637,0.022194614155449675,0.9294639723887077,4.923246779859157,-0.6285378875598833,-0.5584151415472702,-0.6737144705832491,-0.15733971213719022,-1.9070315446290393,4.757952523446267,0.06504981348446033,0.017152336783999,13.383626937866211
1641073387540,"{'last_model': '{""model_name"": ""baseline01992"", ""model_sha"": ""test_version""}', 'profile': '{""elapsed_ns"": 295}'}",-0.39764636440424433,0.49993424710692347,0.3328948275867927,1.118260463127675,-0.08666382440547035,0.3819854592248243,-0.24162238317603357,0.9294639723887077,-0.305653139057544,-0.6285378875598833,0.29288456205300767,0.7716032731156076,-0.65605032361317,1.2224035651485,-0.20817781526102327,0.95496163492703,-0.027205420167484805,13.152361869812012
1641073864293,"{'last_model': '{""model_name"": ""baseline01992"", ""model_sha"": ""test_version""}', 'profile': '{""elapsed_ns"": 58}'}",0.6752651953165153,0.1755556681331171,1.2122739818086794,0.05792273373232328,-0.08666382440547035,0.1753472076796348,-0.16748569667838076,0.9294639723887077,-0.305653139057544,-0.6285378875598833,0.29288456205300767,0.5427612970299553,-0.65605032361317,0.2699667926075097,-0.20817781526102327,0.3714128995548532,-0.2315534575948524,13.163002014160156
1641074341046,"{'last_model': '{""model_name"": ""baseline01992"", ""model_sha"": ""test_version""}', 'profile': '{""elapsed_ns"": 116}'}",0.6752651953165153,0.1755556681331171,1.2527052072901539,0.17178450333186143,-0.08666382440547035,-0.488070336754921,-0.17644197673781656,-0.9179715198382244,-0.305653139057544,-0.6285378875598833,-0.5584151415472702,-0.8302905594839585,0.5453888767607812,0.20193559456886756,-0.20817781526102327,-0.5914425138092386,-0.19497582260244017,12.817627906799316
1641074817799,"{'last_model': '{""model_name"": ""baseline01992"", ""model_sha"": ""test_version""}', 'profile': '{""elapsed_ns"": 126}'}",-1.470557924125004,1.4730699840283425,0.367550163713734,0.40662440313083936,-0.08666382440547035,1.0019002138603927,0.23039641066460062,-0.9179715198382244,-0.305653139057544,-0.6285378875598833,1.9954839692535635,0.74751464405396,0.6814008617087757,-0.6484543809141594,-0.20817781526102327,3.332922731568651,0.4342922406843617,13.749112129211426
1641075294553,"{'last_model': '{""model_name"": ""baseline01992"", ""model_sha"": ""test_version""}', 'profile': '{""elapsed_ns"": 125}'}",-0.39764636440424433,-0.797580068788302,-2.5911491581263775,1.5238930173259093,-0.08666382440547035,-0.5750759163528956,-0.1470866905373428,-0.9179715198382244,-0.305653139057544,2.4393894526979074,-0.5584151415472702,-0.2882964055968873,-0.65605032361317,-0.47837638581755404,-0.20817781526102327,-0.7810958528051961,-0.12705646407822307,12.116878509521484
1641075771306,"{'last_model': '{""model_name"": ""baseline01992"", ""model_sha"": ""test_version""}', 'profile': '{""elapsed_ns"": 261}'}",0.6752651953165153,-0.14882291084068927,0.6368510048670832,-1.3511166650614432,-0.08666382440547035,-0.2596806903102378,-0.24114031711051154,-0.9179715198382244,-0.305653139057544,0.905425782569012,-0.5584151415472702,-1.047088221038787,1.4294667789227453,-0.9886103711073703,-0.20817781526102327,-0.2704907093545414,-0.2694953793762962,13.06521987915039
1641076248059,"{'last_model': '{""model_name"": ""baseline01992"", ""model_sha"": ""test_version""}', 'profile': '{""elapsed_ns"": 140}'}",-0.39764636440424433,0.49993424710692347,0.144456437396392,-0.6537133262645122,-0.08666382440547035,0.16447151022988798,-0.2771430406355524,0.9294639723887077,-0.305653139057544,-0.6285378875598833,-0.5584151415472702,0.5307169824991315,-0.65605032361317,-0.5804231828755173,-0.20817781526102327,-0.985337910185458,-0.32181762136645037,12.919122695922852
1641076724813,"{'last_model': '{""model_name"": ""baseline01992"", ""model_sha"": ""test_version""}', 'profile': '{""elapsed_ns"": 147}'}",-0.39764636440424433,-0.4732014898144956,-1.0013356133016031,1.3815658053265625,-0.08666382440547035,-0.1509237158127697,5.191186059562812,-0.9179715198382244,-0.305653139057544,-0.6285378875598833,-0.5584151415472702,0.18143186110524115,-0.65605032361317,0.6781539808393627,-0.20817781526102327,0.1088159686373736,3.546119788617466,12.959569931030273
1641077201566,"{'last_model': '{""model_name"": ""baseline01992"", ""model_sha"": ""test_version""}', 'profile': '{""elapsed_ns"": 260}'}",-0.39764636440424433,-1.4463372267359147,-1.8345076526875341,-1.1091604046625636,-0.08666382440547035,-0.6403301010513764,-0.1695915642277665,-0.9179715198382244,-0.305653139057544,0.905425782569012,-1.409714845147548,-0.3605622927818301,-0.65605032361317,-0.27428279170162756,-0.20817781526102327,-1.1458138124128068,-0.15699702820507666,12.048870086669922
1641077678319,"{'last_model': '{""model_name"": ""baseline01992"", ""model_sha"": ""test_version""}', 'profile': '{""elapsed_ns"": 148}'}",1.7481767550372749,-0.14882291084068927,-0.4519041384552259,-0.33347709926590585,-0.08666382440547035,-0.18355080816201014,-0.19595296644236654,-0.9179715198382244,-0.305653139057544,0.905425782569012,-1.409714845147548,-0.8182462449531347,1.1574428090267563,-0.6824699799334806,-0.20817781526102327,-1.2187574043343288,-0.24998976555473762,12.469941139221191
1641078155072,"{'last_model': '{""model_name"": ""baseline01992"", ""model_sha"": ""test_version""}', 'profile': '{""elapsed_ns"": 136}'}",-1.470557924125004,-1.4463372267359147,-0.6078531510265902,0.043690012532418936,-0.08666382440547035,-1.4125046199834004,-0.22639924426481123,-0.9179715198382244,-0.305653139057544,2.4393894526979074,-1.409714845147548,-1.2157086244703204,-0.65605032361317,-1.6349067524744707,-0.20817781526102327,-1.3208784330244598,-0.24807238952690958,12.32071304321289
1641078631826,"{'last_model': '{""model_name"": ""baseline01992"", ""model_sha"": ""test_version""}', 'profile': '{""elapsed_ns"": 122}'}",-0.39764636440424433,0.1755556681331171,-0.04037202194748325,0.3639262395310252,-0.08666382440547035,0.22972569492836886,-0.14909107049398707,0.9294639723887077,-0.305653139057544,0.905425782569012,0.29288456205300767,0.6029828696840743,-0.65605032361317,0.44004478770411515,-0.20817781526102327,0.19634827894320012,-0.12731457238966146,13.147980690002441
1641079108579,"{'last_model': '{""model_name"": ""baseline01992"", ""model_sha"": ""test_version""}', 'profile': '{""elapsed_ns"": 114}'}",-0.39764636440424433,-1.4463372267359147,0.07514576514245802,-1.2087894530620964,-0.08666382440547035,0.3058555770765966,-0.25146667967195735,-0.9179715198382244,-0.305653139057544,-0.6285378875598833,-0.5584151415472702,-0.27625209106606347,1.1574428090267563,-0.24026719268230648,-0.20817781526102327,-0.43096661158189004,-0.29231952863063404,12.871845245361328
1641079585332,"{'last_model': '{""model_name"": ""baseline01992"", ""model_sha"": ""test_version""}', 'profile': '{""elapsed_ns"": 313}'}",-0.39764636440424433,-0.4732014898144956,-1.2800222746559595,0.8834205633286969,-0.08666382440547035,-1.1623635786392237,-0.13506041079747716,-0.9179715198382244,-0.305653139057544,2.4393894526979074,-0.5584151415472702,-0.9386893902613728,-0.65605032361317,-0.07018919758570108,-0.20817781526102327,-0.9707491918011536,-0.11533097221573609,12.37116813659668
1641080062086,"{'last_model': '{""model_name"": ""baseline01992"", ""model_sha"": ""test_version""}', 'profile': '{""elapsed_ns"": 97}'}",-0.39764636440424433,-1.4463372267359147,-0.3046189599156354,-1.2301385348620035,-0.08666382440547035,-0.6512057985011233,0.06182551912099851,-0.9179715198382244,1.001571840671631,-0.6285378875598833,0.29288456205300767,-0.3726066073126539,-0.65605032361317,-0.5804231828755173,-0.20817781526102327,0.3860016179391576,-0.14777887422513405,12.964608192443848
1641080538839,"{'last_model': '{""model_name"": ""baseline01992"", ""model_sha"": ""test_version""}', 'profile': '{""elapsed_ns"": 169}'}",-0.39764636440424433,0.1755556681331171,-1.8077941644229794,-0.8031568988638618,-0.08666382440547035,-0.39562690843207304,-0.20561965965099271,0.9294639723887077,-0.305653139057544,-0.6285378875598833,-0.5584151415472702,-0.08956521583829448,-0.65605032361317,0.814216376916647,-0.20817781526102327,0.3684951558779923,-0.2178737170886176,12.368066787719727
1641081015592,"{'last_model': '{""model_name"": ""baseline01992"", ""model_sha"": ""test_version""}', 'profile': '{""elapsed_ns"": 161}'}",1.7481767550372749,-0.4732014898144956,-1.348610960740609,0.0009918489326047628,-0.08666382440547035,1.3172954399030505,-0.17565544789407006,-0.9179715198382244,-0.305653139057544,-0.6285378875598833,-0.5584151415472702,0.0007671431428840612,2.744249300086692,-0.10420479660502216,-0.20817781526102327,0.5756549569351151,-0.21119977360713915,12.614898681640625
1641081492346,"{'last_model': '{""model_name"": ""baseline01992"", ""model_sha"": ""test_version""}', 'profile': '{""elapsed_ns"": 212}'}",-0.39764636440424433,0.1755556681331171,-1.2208194087724198,-0.7248769322642361,-0.08666382440547035,-0.368437664807706,-0.14089594738011238,-0.9179715198382244,-0.305653139057544,-0.6285378875598833,-0.5584151415472702,-0.4810054380900682,0.1373529219167978,0.7121695798586838,-0.20817781526102327,-0.3580230196603679,-0.19073547177166658,12.473390579223633
