{"query": "{\"id\":{\"0\":7129300520},\"date\":{\"0\":\"2022-09-12\"},\"list_price\":{\"0\":221900.0},\"bedrooms\":{\"0\":3},\"bathrooms\":{\"0\":1.0},\"sqft_living\":{\"0\":1180},\"sqft_lot\":{\"0\":5650},\"floors\":{\"0\":1.0},\"waterfront\":{\"0\":0},\"view\":{\"0\":0},\"condition\":{\"0\":3},\"grade\":{\"0\":7},\"sqft_above\":{\"0\":1180},\"sqft_basement\":{\"0\":0},\"yr_built\":{\"0\":1955},\"yr_renovated\":{\"0\":0},\"zipcode\":{\"0\":98178},\"lat\":{\"0\":47.5112},\"long\":{\"0\":-122.257},\"sqft_living15\":{\"0\":1340},\"sqft_lot15\":{\"0\":5650},\"sale_price\":{\"0\":221900.0}}"}