,time,in.tensor,out.variable,check_failures
0,2023-10-31 14:09:03.525,"[4.0, 2.75, 2640.0, 3750.0, 2.0, 0.0, 0.0, 5.0, 7.0, 1840.0, 800.0, 47.6782989502, -122.3629989624, 1690.0, 5000.0, 103.0, 0.0, 0.0]",718445.6,0
1,2023-10-31 14:09:03.525,"[3.0, 2.0, 1560.0, 7000.0, 1.0, 0.0, 0.0, 4.0, 7.0, 1560.0, 0.0, 47.3354988098, -122.283996582, 1560.0, 7200.0, 46.0, 0.0, 0.0]",276709.06,0
2,2023-10-31 14:09:03.525,"[3.0, 2.5, 1330.0, 1200.0, 3.0, 0.0, 0.0, 3.0, 7.0, 1330.0, 0.0, 47.7033996582, -122.34400177, 1330.0, 1206.0, 12.0, 0.0, 0.0]",342604.4,0
3,2023-10-31 14:09:03.525,"[3.0, 1.5, 1580.0, 5000.0, 1.0, 0.0, 0.0, 3.0, 8.0, 1290.0, 290.0, 47.6870002747, -122.3860015869, 1570.0, 4500.0, 75.0, 0.0, 0.0]",557391.25,0
4,2023-10-31 14:09:03.525,"[3.0, 2.5, 1578.0, 7340.0, 2.0, 0.0, 0.0, 3.0, 7.0, 1578.0, 0.0, 47.3771018982, -122.1859970093, 1850.0, 7200.0, 4.0, 0.0, 0.0]",284081.56,0
5,2023-10-31 14:09:03.525,"[3.0, 1.5, 1740.0, 9038.0, 1.0, 0.0, 0.0, 4.0, 7.0, 1740.0, 0.0, 47.5896987915, -122.1360015869, 1390.0, 9770.0, 59.0, 0.0, 0.0]",557391.25,0
6,2023-10-31 14:09:03.525,"[2.0, 1.5, 1088.0, 1360.0, 2.0, 0.0, 0.0, 3.0, 7.0, 1088.0, 0.0, 47.709400177, -122.2129974365, 1098.0, 1469.0, 31.0, 0.0, 0.0]",340764.53,0
7,2023-10-31 14:09:03.525,"[4.0, 2.5, 2190.0, 4944.0, 2.0, 0.0, 0.0, 3.0, 8.0, 2190.0, 0.0, 47.5340995789, -121.8659973145, 2190.0, 5108.0, 16.0, 0.0, 0.0]",598725.1,0
8,2023-10-31 14:09:03.525,"[3.0, 1.75, 1960.0, 8136.0, 1.0, 0.0, 0.0, 3.0, 7.0, 980.0, 980.0, 47.5208015442, -122.3639984131, 1070.0, 7480.0, 66.0, 0.0, 0.0]",365436.25,0
9,2023-10-31 14:09:03.525,"[4.0, 2.5, 2420.0, 10603.0, 1.0, 0.0, 0.0, 5.0, 7.0, 1210.0, 1210.0, 47.7397003174, -122.2590026855, 1750.0, 10800.0, 56.0, 0.0, 0.0]",530288.94,0
10,2023-10-31 14:09:03.525,"[3.0, 1.75, 1760.0, 6300.0, 1.0, 0.0, 0.0, 3.0, 7.0, 1060.0, 700.0, 47.5003013611, -122.2600021362, 1340.0, 7300.0, 52.0, 0.0, 0.0]",300446.72,0
11,2023-10-31 14:09:03.525,"[4.0, 1.75, 2320.0, 9240.0, 1.0, 0.0, 0.0, 3.0, 7.0, 1160.0, 1160.0, 47.4908981323, -122.2570037842, 2130.0, 7320.0, 55.0, 1.0, 55.0]",404676.13,0
12,2023-10-31 14:09:03.525,"[3.0, 2.5, 2540.0, 5237.0, 2.0, 0.0, 0.0, 3.0, 8.0, 2540.0, 0.0, 47.5491981506, -122.2760009766, 1800.0, 4097.0, 3.0, 0.0, 0.0]",713979.0,0
13,2023-10-31 14:09:03.525,"[5.0, 2.0, 1900.0, 6000.0, 1.5, 0.0, 0.0, 4.0, 6.0, 1900.0, 0.0, 47.6831016541, -122.1859970093, 2110.0, 8400.0, 95.0, 0.0, 0.0]",563844.5,0
14,2023-10-31 14:09:03.525,"[3.0, 2.5, 2860.0, 4500.0, 2.0, 0.0, 2.0, 3.0, 8.0, 1980.0, 880.0, 47.6463012695, -122.3710021973, 2310.0, 4500.0, 99.0, 0.0, 0.0]",721518.44,0
15,2023-10-31 14:09:03.525,"[3.0, 1.75, 1340.0, 10276.0, 1.0, 0.0, 0.0, 4.0, 7.0, 1340.0, 0.0, 47.7206993103, -122.2220001221, 2950.0, 7987.0, 53.0, 0.0, 0.0]",342604.4,0
16,2023-10-31 14:09:03.525,"[4.0, 2.5, 2800.0, 246114.0, 2.0, 0.0, 0.0, 3.0, 9.0, 2800.0, 0.0, 47.6585998535, -121.9619979858, 2750.0, 60351.0, 15.0, 0.0, 0.0]",765468.75,0
17,2023-10-31 14:09:03.525,"[3.0, 2.25, 3280.0, 79279.0, 1.0, 0.0, 0.0, 3.0, 10.0, 3280.0, 0.0, 47.3207015991, -122.2929992676, 1860.0, 24008.0, 13.0, 0.0, 0.0]",634865.75,0
18,2023-10-31 14:09:03.525,"[2.0, 1.0, 1130.0, 2640.0, 1.0, 0.0, 0.0, 4.0, 8.0, 1130.0, 0.0, 47.6437988281, -122.3570022583, 1680.0, 3200.0, 87.0, 0.0, 0.0]",449699.75,0
19,2023-10-31 14:09:03.525,"[2.0, 1.0, 1070.0, 8130.0, 1.0, 0.0, 0.0, 3.0, 7.0, 1070.0, 0.0, 47.6969985962, -122.3700027466, 1360.0, 7653.0, 73.0, 0.0, 0.0]",403520.06,0
20,2023-10-31 14:09:03.525,"[3.0, 1.75, 2350.0, 20820.0, 1.0, 0.0, 0.0, 4.0, 8.0, 1800.0, 550.0, 47.609500885, -122.0589981079, 2040.0, 10800.0, 36.0, 0.0, 0.0]",700294.2,0
21,2023-10-31 14:09:03.525,"[3.0, 2.0, 1400.0, 7384.0, 1.0, 0.0, 0.0, 3.0, 7.0, 1150.0, 250.0, 47.4654998779, -122.1740036011, 1820.0, 7992.0, 35.0, 0.0, 0.0]",267013.94,0
22,2023-10-31 14:09:03.525,"[4.0, 3.5, 3270.0, 15704.0, 2.0, 0.0, 0.0, 3.0, 9.0, 2110.0, 1160.0, 47.6255989075, -122.0419998169, 3020.0, 8582.0, 24.0, 0.0, 0.0]",846774.8,0
23,2023-10-31 14:09:03.525,"[3.0, 1.0, 1670.0, 4005.0, 1.5, 0.0, 0.0, 4.0, 7.0, 1170.0, 500.0, 47.6878013611, -122.3799972534, 1240.0, 4005.0, 75.0, 0.0, 0.0]",557391.25,0
24,2023-10-31 14:09:03.525,"[3.0, 1.75, 1530.0, 7245.0, 1.0, 0.0, 0.0, 4.0, 7.0, 1530.0, 0.0, 47.7309989929, -122.1910018921, 1530.0, 7490.0, 31.0, 0.0, 0.0]",431929.06,0
25,2023-10-31 14:09:03.525,"[1.0, 1.0, 1310.0, 8667.0, 1.5, 0.0, 0.0, 1.0, 6.0, 1310.0, 0.0, 47.6058998108, -122.31300354, 1130.0, 4800.0, 96.0, 0.0, 0.0]",448627.72,0
26,2023-10-31 14:09:03.525,"[3.0, 2.5, 1880.0, 4499.0, 2.0, 0.0, 0.0, 3.0, 8.0, 1880.0, 0.0, 47.5663986206, -121.9990005493, 2130.0, 5114.0, 22.0, 0.0, 0.0]",553463.4,0
27,2023-10-31 14:09:03.525,"[3.0, 2.25, 1700.0, 1481.0, 3.0, 0.0, 0.0, 3.0, 8.0, 1700.0, 0.0, 47.6598014832, -122.3489990234, 1560.0, 1350.0, 12.0, 0.0, 0.0]",557391.25,0
28,2023-10-31 14:09:03.525,"[4.0, 2.25, 2590.0, 12600.0, 2.0, 0.0, 0.0, 3.0, 9.0, 2590.0, 0.0, 47.5565986633, -122.1620025635, 2620.0, 11050.0, 36.0, 0.0, 0.0]",758714.2,0
29,2023-10-31 14:09:03.525,"[3.0, 1.5, 1580.0, 5000.0, 1.0, 0.0, 0.0, 3.0, 8.0, 1290.0, 290.0, 47.6870002747, -122.3860015869, 1570.0, 4500.0, 75.0, 0.0, 0.0]",557391.25,0
30,2023-10-31 14:09:03.525,"[2.0, 1.0, 870.0, 7227.0, 1.0, 0.0, 0.0, 3.0, 7.0, 870.0, 0.0, 47.7288017273, -122.3310012817, 1250.0, 7252.0, 66.0, 0.0, 0.0]",340764.53,0
31,2023-10-31 14:09:03.525,"[2.0, 2.25, 1660.0, 2128.0, 2.0, 0.0, 0.0, 4.0, 8.0, 1660.0, 0.0, 47.7527999878, -122.2519989014, 1640.0, 2128.0, 41.0, 0.0, 0.0]",437177.84,0
32,2023-10-31 14:09:03.525,"[4.0, 2.5, 2930.0, 7806.0, 2.0, 0.0, 0.0, 3.0, 9.0, 2930.0, 0.0, 47.6218986511, -122.0240020752, 2600.0, 6051.0, 9.0, 0.0, 0.0]",779809.94,0
33,2023-10-31 14:09:03.525,"[4.0, 2.5, 3710.0, 7491.0, 2.0, 0.0, 0.0, 3.0, 9.0, 3710.0, 0.0, 47.5596008301, -122.0159988403, 3040.0, 7491.0, 12.0, 0.0, 0.0]",879092.7,0
34,2023-10-31 14:09:03.525,"[1.0, 1.0, 930.0, 7129.0, 1.0, 0.0, 0.0, 3.0, 6.0, 930.0, 0.0, 47.723400116, -122.3330001831, 1300.0, 8075.0, 66.0, 0.0, 0.0]",340764.53,0
35,2023-10-31 14:09:03.525,"[4.0, 2.5, 3140.0, 12792.0, 2.0, 0.0, 0.0, 4.0, 9.0, 3140.0, 0.0, 47.3862991333, -122.15599823, 2510.0, 12792.0, 37.0, 0.0, 0.0]",513583.13,0
36,2023-10-31 14:09:03.525,"[5.0, 3.0, 3320.0, 5354.0, 2.0, 0.0, 0.0, 3.0, 9.0, 3320.0, 0.0, 47.6542015076, -122.3310012817, 2330.0, 4040.0, 11.0, 0.0, 0.0]",974485.25,0
37,2023-10-31 14:09:03.525,"[3.0, 3.0, 2110.0, 7794.0, 1.0, 0.0, 0.0, 3.0, 6.0, 2110.0, 0.0, 47.4005012512, -122.2929992676, 1330.0, 10044.0, 33.0, 0.0, 0.0]",349668.44,0
38,2023-10-31 14:09:03.525,"[4.0, 2.0, 2580.0, 4500.0, 2.0, 0.0, 0.0, 4.0, 9.0, 1850.0, 730.0, 47.6245002747, -122.3160018921, 2590.0, 4100.0, 110.0, 0.0, 0.0]",964052.56,0
39,2023-10-31 14:09:03.525,"[3.0, 1.5, 1590.0, 8911.0, 1.0, 0.0, 0.0, 3.0, 7.0, 1590.0, 0.0, 47.7393989563, -122.2519989014, 1590.0, 9625.0, 58.0, 0.0, 0.0]",437177.84,0
40,2023-10-31 14:09:03.525,"[3.0, 2.5, 1340.0, 3011.0, 2.0, 0.0, 0.0, 3.0, 7.0, 1340.0, 0.0, 47.3838996887, -122.0380020142, 1060.0, 3232.0, 19.0, 0.0, 0.0]",244380.27,0
41,2023-10-31 14:09:03.525,"[4.0, 3.0, 3120.0, 157875.0, 2.0, 0.0, 0.0, 4.0, 8.0, 3120.0, 0.0, 47.4440002441, -122.18699646, 1580.0, 7050.0, 38.0, 0.0, 0.0]",448180.8,0
42,2023-10-31 14:09:03.525,"[3.0, 1.0, 910.0, 6000.0, 1.0, 0.0, 0.0, 2.0, 6.0, 910.0, 0.0, 47.5065002441, -122.3379974365, 1090.0, 6957.0, 58.0, 0.0, 0.0]",236238.66,0
43,2023-10-31 14:09:03.525,"[3.0, 3.25, 3230.0, 7800.0, 2.0, 0.0, 3.0, 3.0, 10.0, 3230.0, 0.0, 47.6347999573, -122.4029998779, 3030.0, 6600.0, 9.0, 0.0, 0.0]",1077279.3,0
44,2023-10-31 14:09:03.525,"[4.0, 2.5, 3470.0, 20445.0, 2.0, 0.0, 0.0, 4.0, 10.0, 3470.0, 0.0, 47.547000885, -122.21900177, 3360.0, 21950.0, 51.0, 0.0, 0.0]",1412215.3,0
45,2023-10-31 14:09:03.525,"[2.0, 1.0, 1160.0, 5000.0, 1.0, 0.0, 0.0, 4.0, 8.0, 1160.0, 0.0, 47.6865005493, -122.3990020752, 1750.0, 5000.0, 77.0, 0.0, 0.0]",450867.56,0
46,2023-10-31 14:09:03.525,"[3.0, 1.0, 1150.0, 3000.0, 1.0, 0.0, 0.0, 5.0, 6.0, 1150.0, 0.0, 47.6866989136, -122.3450012207, 1460.0, 3200.0, 108.0, 0.0, 0.0]",448627.72,0
47,2023-10-31 14:09:03.525,"[6.0, 4.5, 3300.0, 7480.0, 2.0, 0.0, 0.0, 3.0, 8.0, 3300.0, 0.0, 47.679599762, -122.1039962769, 2470.0, 7561.0, 34.0, 0.0, 0.0]",725572.5,0
48,2023-10-31 14:09:03.525,"[4.0, 2.25, 2210.0, 14073.0, 1.0, 0.0, 0.0, 3.0, 8.0, 1630.0, 580.0, 47.4774017334, -122.141998291, 2340.0, 11340.0, 37.0, 0.0, 0.0]",416774.63,0
49,2023-10-31 14:09:03.525,"[3.0, 1.75, 1670.0, 5400.0, 2.0, 0.0, 0.0, 5.0, 8.0, 1670.0, 0.0, 47.6349983215, -122.283996582, 2100.0, 5400.0, 102.0, 0.0, 0.0]",559631.1,0
50,2023-10-31 14:09:03.525,"[3.0, 2.5, 3310.0, 5300.0, 2.0, 0.0, 2.0, 3.0, 8.0, 2440.0, 870.0, 47.5177993774, -122.388999939, 2140.0, 7500.0, 6.0, 0.0, 0.0]",480151.5,0
51,2023-10-31 14:09:03.525,"[4.0, 2.5, 3470.0, 20445.0, 2.0, 0.0, 0.0, 4.0, 10.0, 3470.0, 0.0, 47.547000885, -122.21900177, 3360.0, 21950.0, 51.0, 0.0, 0.0]",1412215.3,0
52,2023-10-31 14:09:03.525,"[4.0, 1.5, 1200.0, 10890.0, 1.0, 0.0, 0.0, 5.0, 7.0, 1200.0, 0.0, 47.342300415, -122.0879974365, 1250.0, 10139.0, 42.0, 0.0, 0.0]",241330.19,0
53,2023-10-31 14:09:03.525,"[2.0, 1.0, 850.0, 2340.0, 1.0, 0.0, 0.0, 3.0, 7.0, 850.0, 0.0, 47.6707000732, -122.3280029297, 1300.0, 3000.0, 92.0, 0.0, 0.0]",448627.72,0
54,2023-10-31 14:09:03.525,"[4.0, 2.5, 2230.0, 4372.0, 2.0, 0.0, 0.0, 5.0, 8.0, 1540.0, 690.0, 47.6697998047, -122.3339996338, 2020.0, 4372.0, 79.0, 0.0, 0.0]",682284.6,0
55,2023-10-31 14:09:03.525,"[4.0, 1.75, 2120.0, 9706.0, 1.0, 0.0, 0.0, 3.0, 7.0, 1370.0, 750.0, 47.4939002991, -122.2969970703, 1730.0, 11337.0, 49.0, 0.0, 0.0]",385561.8,0
56,2023-10-31 14:09:03.525,"[3.0, 2.0, 2160.0, 15788.0, 1.0, 0.0, 0.0, 3.0, 8.0, 2160.0, 0.0, 47.6226997375, -122.2070007324, 2260.0, 9787.0, 63.0, 0.0, 0.0]",673288.6,0
57,2023-10-31 14:09:03.525,"[3.0, 1.75, 2220.0, 11646.0, 1.0, 0.0, 0.0, 3.0, 7.0, 1270.0, 950.0, 47.7761993408, -122.2699966431, 1490.0, 10003.0, 64.0, 0.0, 0.0]",513264.7,0
58,2023-10-31 14:09:03.525,"[2.0, 1.5, 1090.0, 1183.0, 3.0, 0.0, 0.0, 3.0, 8.0, 1090.0, 0.0, 47.6973991394, -122.3489990234, 1110.0, 1384.0, 6.0, 0.0, 0.0]",400561.06,0
59,2023-10-31 14:09:03.525,"[4.0, 2.5, 2632.0, 4117.0, 2.0, 0.0, 0.0, 3.0, 8.0, 2632.0, 0.0, 47.3428001404, -122.2779998779, 2040.0, 5195.0, 1.0, 0.0, 0.0]",368504.28,0
60,2023-10-31 14:09:03.525,"[3.0, 1.5, 1770.0, 30689.0, 1.0, 0.0, 4.0, 3.0, 9.0, 1770.0, 0.0, 47.7648010254, -122.3700027466, 2650.0, 30280.0, 62.0, 0.0, 0.0]",836230.44,0
61,2023-10-31 14:09:03.525,"[4.0, 2.75, 3010.0, 7215.0, 2.0, 0.0, 0.0, 3.0, 9.0, 3010.0, 0.0, 47.6952018738, -122.1780014038, 3010.0, 7215.0, 0.0, 0.0, 0.0]",795841.06,0
62,2023-10-31 14:09:03.525,"[3.0, 2.5, 1680.0, 5000.0, 2.0, 0.0, 0.0, 3.0, 8.0, 1680.0, 0.0, 47.3195991516, -122.3949966431, 1720.0, 5000.0, 27.0, 0.0, 0.0]",296411.72,0
63,2023-10-31 14:09:03.525,"[3.0, 2.0, 1050.0, 18304.0, 1.0, 0.0, 0.0, 4.0, 7.0, 1050.0, 0.0, 47.3205986023, -122.2689971924, 1690.0, 15675.0, 61.0, 0.0, 0.0]",241809.88,0
64,2023-10-31 14:09:03.525,"[3.0, 1.75, 1050.0, 9871.0, 1.0, 0.0, 0.0, 5.0, 7.0, 1050.0, 0.0, 47.3815994263, -122.0869979858, 1300.0, 10794.0, 46.0, 0.0, 0.0]",236238.66,0
65,2023-10-31 14:09:03.525,"[3.0, 2.5, 2250.0, 8076.0, 2.0, 0.0, 0.0, 3.0, 8.0, 2250.0, 0.0, 47.3666992188, -122.0410003662, 2180.0, 7244.0, 19.0, 0.0, 0.0]",343304.66,0
66,2023-10-31 14:09:03.525,"[2.0, 1.0, 1120.0, 9912.0, 1.0, 0.0, 0.0, 4.0, 6.0, 1120.0, 0.0, 47.373500824, -122.4300003052, 1540.0, 9750.0, 34.0, 0.0, 0.0]",309800.75,0
67,2023-10-31 14:09:03.525,"[3.0, 2.0, 1780.0, 5720.0, 1.0, 0.0, 0.0, 5.0, 7.0, 980.0, 800.0, 47.6794013977, -122.3509979248, 1620.0, 5050.0, 89.0, 0.0, 0.0]",557391.25,0
68,2023-10-31 14:09:03.525,"[4.0, 1.75, 2100.0, 11942.0, 1.0, 0.0, 0.0, 3.0, 7.0, 1030.0, 1070.0, 47.5499992371, -122.3560028076, 1170.0, 6986.0, 50.0, 0.0, 0.0]",642519.75,0
69,2023-10-31 14:09:03.525,"[2.0, 1.0, 1080.0, 4000.0, 1.0, 0.0, 0.0, 3.0, 7.0, 1080.0, 0.0, 47.6902008057, -122.3870010376, 1530.0, 4240.0, 75.0, 0.0, 0.0]",448627.72,0
70,2023-10-31 14:09:03.525,"[4.0, 1.0, 1620.0, 4080.0, 1.5, 0.0, 0.0, 3.0, 7.0, 1620.0, 0.0, 47.6696014404, -122.3239974976, 1760.0, 4080.0, 91.0, 0.0, 0.0]",559631.1,0
71,2023-10-31 14:09:03.525,"[3.0, 2.5, 1520.0, 4170.0, 2.0, 0.0, 0.0, 3.0, 7.0, 1520.0, 0.0, 47.3842010498, -122.0400009155, 1560.0, 4237.0, 10.0, 0.0, 0.0]",261886.92,0
72,2023-10-31 14:09:03.525,"[5.0, 2.25, 2910.0, 9454.0, 1.0, 0.0, 1.0, 3.0, 8.0, 1910.0, 1000.0, 47.5871009827, -122.172996521, 2400.0, 10690.0, 42.0, 0.0, 0.0]",711565.5,0
73,2023-10-31 14:09:03.525,"[3.0, 2.0, 1460.0, 9759.0, 1.0, 0.0, 0.0, 5.0, 7.0, 1460.0, 0.0, 47.6643981934, -122.1439971924, 1620.0, 8421.0, 42.0, 0.0, 0.0]",498579.4,0
74,2023-10-31 14:09:03.525,"[5.0, 2.75, 3600.0, 9437.0, 2.0, 0.0, 0.0, 3.0, 9.0, 3600.0, 0.0, 47.4822006226, -122.1309967041, 3550.0, 9421.0, 0.0, 0.0, 0.0]",542342.0,0
75,2023-10-31 14:09:03.525,"[3.0, 3.25, 1720.0, 1587.0, 2.5, 0.0, 2.0, 3.0, 9.0, 1410.0, 310.0, 47.6186981201, -122.2990036011, 1490.0, 1620.0, 11.0, 0.0, 0.0]",725184.25,0
76,2023-10-31 14:09:03.525,"[3.0, 1.75, 2190.0, 6450.0, 1.0, 0.0, 0.0, 3.0, 8.0, 1480.0, 710.0, 47.5284004211, -122.3909988403, 2190.0, 6450.0, 58.0, 0.0, 0.0]",421402.16,0
77,2023-10-31 14:09:03.525,"[3.0, 3.0, 2110.0, 7794.0, 1.0, 0.0, 0.0, 3.0, 6.0, 2110.0, 0.0, 47.4005012512, -122.2929992676, 1330.0, 10044.0, 33.0, 0.0, 0.0]",349668.44,0
78,2023-10-31 14:09:03.525,"[3.0, 1.0, 1100.0, 5400.0, 1.5, 0.0, 0.0, 3.0, 7.0, 1100.0, 0.0, 47.6604003906, -122.3960037231, 1770.0, 4400.0, 106.0, 0.0, 0.0]",450867.56,0
79,2023-10-31 14:09:03.525,"[2.0, 1.0, 1170.0, 6543.0, 1.0, 0.0, 0.0, 3.0, 7.0, 1170.0, 0.0, 47.5369987488, -122.3850021362, 1550.0, 7225.0, 101.0, 0.0, 0.0]",434534.06,0
80,2023-10-31 14:09:03.525,"[5.0, 2.5, 2720.0, 5000.0, 1.5, 0.0, 0.0, 4.0, 7.0, 1530.0, 1190.0, 47.6827011108, -122.3759994507, 1210.0, 5000.0, 75.0, 0.0, 0.0]",718445.6,0
81,2023-10-31 14:09:03.525,"[2.0, 2.0, 1390.0, 1302.0, 2.0, 0.0, 0.0, 3.0, 7.0, 1390.0, 0.0, 47.3088989258, -122.3300018311, 1390.0, 1302.0, 28.0, 0.0, 0.0]",249227.8,0
82,2023-10-31 14:09:03.525,"[3.0, 2.25, 1190.0, 1022.0, 3.0, 0.0, 0.0, 3.0, 8.0, 1190.0, 0.0, 47.6972007751, -122.3489990234, 1210.0, 1171.0, 17.0, 0.0, 0.0]",400561.06,0
83,2023-10-31 14:09:03.525,"[4.0, 3.5, 4460.0, 16271.0, 2.0, 0.0, 2.0, 3.0, 11.0, 4460.0, 0.0, 47.5862007141, -121.9700012207, 4540.0, 17122.0, 13.0, 0.0, 0.0]",1208638.0,0
84,2023-10-31 14:09:03.525,"[4.0, 2.5, 1950.0, 5451.0, 2.0, 0.0, 0.0, 3.0, 7.0, 1950.0, 0.0, 47.4341011047, -122.1439971924, 2240.0, 6221.0, 10.0, 0.0, 0.0]",350049.25,0
85,2023-10-31 14:09:03.525,"[3.0, 2.5, 1730.0, 7442.0, 2.0, 0.0, 0.0, 3.0, 7.0, 1730.0, 0.0, 47.3507003784, -122.1780014038, 1630.0, 6458.0, 27.0, 0.0, 0.0]",285253.16,0
86,2023-10-31 14:09:03.525,"[4.0, 2.5, 1710.0, 5000.0, 1.0, 0.0, 0.0, 3.0, 8.0, 1110.0, 600.0, 47.6772003174, -122.2850036621, 1750.0, 5304.0, 36.0, 0.0, 0.0]",559631.1,0
87,2023-10-31 14:09:03.525,"[3.0, 1.0, 1670.0, 4005.0, 1.5, 0.0, 0.0, 4.0, 7.0, 1170.0, 500.0, 47.6878013611, -122.3799972534, 1240.0, 4005.0, 75.0, 0.0, 0.0]",557391.25,0
88,2023-10-31 14:09:03.525,"[3.0, 2.0, 1680.0, 81893.0, 1.0, 0.0, 0.0, 3.0, 7.0, 1680.0, 0.0, 47.324798584, -122.1790008545, 2480.0, 38637.0, 23.0, 0.0, 0.0]",290987.34,0
89,2023-10-31 14:09:03.525,"[4.0, 2.5, 2130.0, 9100.0, 1.0, 0.0, 0.0, 3.0, 8.0, 1290.0, 840.0, 47.3815002441, -122.1689987183, 1770.0, 7700.0, 36.0, 0.0, 0.0]",334257.7,0
90,2023-10-31 14:09:03.525,"[4.0, 2.75, 2450.0, 15002.0, 1.0, 0.0, 0.0, 5.0, 9.0, 2450.0, 0.0, 47.4267997742, -122.3430023193, 2650.0, 15055.0, 40.0, 0.0, 0.0]",508746.75,0
91,2023-10-31 14:09:03.525,"[3.0, 1.5, 2060.0, 15050.0, 1.5, 0.0, 0.0, 4.0, 7.0, 2060.0, 0.0, 47.3320999146, -122.3730010986, 1900.0, 15674.0, 76.0, 0.0, 0.0]",355736.13,0
92,2023-10-31 14:09:03.525,"[2.0, 0.75, 900.0, 3527.0, 1.0, 0.0, 0.0, 3.0, 6.0, 900.0, 0.0, 47.5083007812, -122.3359985352, 1220.0, 4080.0, 76.0, 0.0, 0.0]",236815.78,0
93,2023-10-31 14:09:03.525,"[3.0, 1.75, 1200.0, 9266.0, 1.0, 0.0, 0.0, 4.0, 7.0, 1200.0, 0.0, 47.313999176, -122.2080001831, 1200.0, 9266.0, 54.0, 0.0, 0.0]",241330.19,0
94,2023-10-31 14:09:03.525,"[4.0, 3.25, 4160.0, 47480.0, 2.0, 0.0, 0.0, 3.0, 10.0, 4160.0, 0.0, 47.726600647, -122.1149978638, 3400.0, 40428.0, 19.0, 0.0, 0.0]",1082353.3,0
95,2023-10-31 14:09:03.525,"[3.0, 2.5, 1680.0, 5000.0, 2.0, 0.0, 0.0, 3.0, 8.0, 1680.0, 0.0, 47.3195991516, -122.3949966431, 1720.0, 5000.0, 27.0, 0.0, 0.0]",296411.72,0
96,2023-10-31 14:09:03.525,"[4.0, 2.5, 1710.0, 5000.0, 1.0, 0.0, 0.0, 3.0, 8.0, 1110.0, 600.0, 47.6772003174, -122.2850036621, 1750.0, 5304.0, 36.0, 0.0, 0.0]",559631.1,0
97,2023-10-31 14:09:03.525,"[4.0, 1.5, 1200.0, 10890.0, 1.0, 0.0, 0.0, 5.0, 7.0, 1200.0, 0.0, 47.342300415, -122.0879974365, 1250.0, 10139.0, 42.0, 0.0, 0.0]",241330.19,0
98,2023-10-31 14:09:03.525,"[4.0, 2.75, 2640.0, 3750.0, 2.0, 0.0, 0.0, 5.0, 7.0, 1840.0, 800.0, 47.6782989502, -122.3629989624, 1690.0, 5000.0, 103.0, 0.0, 0.0]",718445.6,0
99,2023-10-31 14:09:03.525,"[3.0, 2.25, 2060.0, 7080.0, 2.0, 0.0, 0.0, 3.0, 9.0, 1800.0, 260.0, 47.6455001831, -122.408996582, 3070.0, 7500.0, 75.0, 0.0, 0.0]",904204.2,0
100,2023-10-31 14:09:03.525,"[4.0, 2.75, 3800.0, 9606.0, 2.0, 0.0, 0.0, 3.0, 9.0, 3800.0, 0.0, 47.7368011475, -122.2080001831, 3400.0, 9677.0, 6.0, 0.0, 0.0]",1039781.25,0
101,2023-10-31 14:09:03.525,"[2.0, 1.0, 920.0, 43560.0, 1.0, 0.0, 0.0, 4.0, 5.0, 920.0, 0.0, 47.5245018005, -121.9309997559, 1530.0, 11875.0, 91.0, 0.0, 0.0]",243300.84,0
102,2023-10-31 14:09:03.525,"[3.0, 1.0, 1780.0, 7800.0, 1.0, 0.0, 0.0, 3.0, 7.0, 1060.0, 720.0, 47.4931983948, -122.2630004883, 1450.0, 7800.0, 57.0, 0.0, 0.0]",300446.72,0
103,2023-10-31 14:09:03.525,"[1.0, 1.0, 930.0, 7129.0, 1.0, 0.0, 0.0, 3.0, 6.0, 930.0, 0.0, 47.723400116, -122.3330001831, 1300.0, 8075.0, 66.0, 0.0, 0.0]",340764.53,0
104,2023-10-31 14:09:03.525,"[3.0, 1.5, 1200.0, 2002.0, 2.0, 0.0, 0.0, 3.0, 8.0, 1200.0, 0.0, 47.4659004211, -122.1890029907, 1270.0, 1848.0, 48.0, 0.0, 0.0]",241852.33,0
105,2023-10-31 14:09:03.525,"[3.0, 2.5, 1370.0, 22326.0, 2.0, 0.0, 0.0, 3.0, 7.0, 1370.0, 0.0, 47.4468994141, -121.7750015259, 1580.0, 10920.0, 21.0, 0.0, 0.0]",252192.9,0
106,2023-10-31 14:09:03.525,"[3.0, 2.5, 2430.0, 88426.0, 1.0, 0.0, 0.0, 4.0, 7.0, 1570.0, 860.0, 47.48279953, -121.7180023193, 1560.0, 56827.0, 29.0, 0.0, 0.0]",418823.4,0
107,2023-10-31 14:09:03.525,"[1.0, 1.0, 1230.0, 3774.0, 1.0, 0.0, 0.0, 4.0, 6.0, 830.0, 400.0, 47.6885986328, -122.3539962769, 1300.0, 3774.0, 90.0, 0.0, 0.0]",448627.72,0
108,2023-10-31 14:09:03.525,"[4.0, 2.5, 1960.0, 7230.0, 2.0, 0.0, 0.0, 3.0, 8.0, 1960.0, 0.0, 47.2854995728, -122.3600006104, 1850.0, 7208.0, 12.0, 0.0, 0.0]",317765.66,0
109,2023-10-31 14:09:03.525,"[4.0, 3.25, 2050.0, 5000.0, 2.0, 0.0, 0.0, 4.0, 8.0, 1370.0, 680.0, 47.623500824, -122.297996521, 1720.0, 5000.0, 27.0, 0.0, 0.0]",630865.6,0
110,2023-10-31 14:09:03.525,"[5.0, 3.5, 2700.0, 11675.0, 1.5, 0.0, 2.0, 4.0, 6.0, 1950.0, 750.0, 47.7172012329, -122.3489990234, 2160.0, 8114.0, 66.0, 0.0, 0.0]",559923.94,0
111,2023-10-31 14:09:03.525,"[3.0, 2.0, 2330.0, 4950.0, 1.5, 0.0, 0.0, 3.0, 6.0, 1430.0, 900.0, 47.5584983826, -122.2900009155, 1160.0, 5115.0, 114.0, 0.0, 0.0]",689450.4,0
112,2023-10-31 14:09:03.525,"[4.0, 2.5, 2550.0, 7555.0, 2.0, 0.0, 0.0, 3.0, 8.0, 2550.0, 0.0, 47.2613983154, -122.2900009155, 2550.0, 6800.0, 13.0, 0.0, 0.0]",353912.03,0
113,2023-10-31 14:09:03.525,"[4.0, 2.5, 3340.0, 34238.0, 1.0, 0.0, 0.0, 4.0, 8.0, 2060.0, 1280.0, 47.7653999329, -122.0759963989, 2400.0, 36590.0, 37.0, 0.0, 0.0]",597475.75,0
114,2023-10-31 14:09:03.525,"[4.0, 3.25, 5180.0, 19850.0, 2.0, 0.0, 3.0, 3.0, 12.0, 3540.0, 1640.0, 47.5620002747, -122.1620025635, 3160.0, 9750.0, 9.0, 0.0, 0.0]",1295531.3,0
115,2023-10-31 14:09:03.525,"[3.0, 2.5, 1340.0, 3011.0, 2.0, 0.0, 0.0, 3.0, 7.0, 1340.0, 0.0, 47.3838996887, -122.0380020142, 1060.0, 3232.0, 19.0, 0.0, 0.0]",244380.27,0
116,2023-10-31 14:09:03.525,"[2.0, 2.25, 1660.0, 2128.0, 2.0, 0.0, 0.0, 4.0, 8.0, 1660.0, 0.0, 47.7527999878, -122.2519989014, 1640.0, 2128.0, 41.0, 0.0, 0.0]",437177.84,0
117,2023-10-31 14:09:03.525,"[4.0, 1.0, 1620.0, 4080.0, 1.5, 0.0, 0.0, 3.0, 7.0, 1620.0, 0.0, 47.6696014404, -122.3239974976, 1760.0, 4080.0, 91.0, 0.0, 0.0]",559631.1,0
118,2023-10-31 14:09:03.525,"[3.0, 2.25, 2370.0, 9619.0, 1.0, 0.0, 0.0, 4.0, 8.0, 1650.0, 720.0, 47.6366004944, -122.0989990234, 1960.0, 9712.0, 41.0, 0.0, 0.0]",701940.7,0
119,2023-10-31 14:09:03.525,"[4.0, 1.0, 1750.0, 68841.0, 1.0, 0.0, 0.0, 3.0, 7.0, 1750.0, 0.0, 47.4441986084, -122.0810012817, 1550.0, 32799.0, 72.0, 0.0, 0.0]",303002.3,0
120,2023-10-31 14:09:03.525,"[3.0, 1.5, 1780.0, 16000.0, 1.0, 0.0, 0.0, 2.0, 7.0, 1240.0, 540.0, 47.4189987183, -122.3219985962, 1860.0, 9775.0, 54.0, 0.0, 0.0]",308049.63,0
121,2023-10-31 14:09:03.525,"[2.0, 1.0, 700.0, 8100.0, 1.0, 0.0, 0.0, 3.0, 6.0, 700.0, 0.0, 47.7491989136, -122.3109970093, 1230.0, 8100.0, 65.0, 0.0, 0.0]",340764.53,0
122,2023-10-31 14:09:03.525,"[6.0, 4.5, 3300.0, 7480.0, 2.0, 0.0, 0.0, 3.0, 8.0, 3300.0, 0.0, 47.679599762, -122.1039962769, 2470.0, 7561.0, 34.0, 0.0, 0.0]",725572.5,0
123,2023-10-31 14:09:03.525,"[4.0, 2.5, 2240.0, 5500.0, 2.0, 0.0, 0.0, 3.0, 8.0, 2240.0, 0.0, 47.4959983826, -122.1689987183, 700.0, 5500.0, 1.0, 0.0, 0.0]",426066.5,0
124,2023-10-31 14:09:03.525,"[3.0, 1.0, 1100.0, 5400.0, 1.5, 0.0, 0.0, 3.0, 7.0, 1100.0, 0.0, 47.6604003906, -122.3960037231, 1770.0, 4400.0, 106.0, 0.0, 0.0]",450867.56,0
125,2023-10-31 14:09:03.525,"[4.0, 3.0, 2410.0, 8284.0, 1.0, 0.0, 0.0, 5.0, 7.0, 1210.0, 1200.0, 47.720199585, -122.2200012207, 2050.0, 7940.0, 45.0, 0.0, 0.0]",532234.1,0
126,2023-10-31 14:09:03.525,"[2.0, 1.75, 1930.0, 5570.0, 1.0, 0.0, 0.0, 3.0, 8.0, 1930.0, 0.0, 47.717300415, -122.033996582, 1810.0, 5178.0, 9.0, 0.0, 0.0]",444885.5,0
127,2023-10-31 14:09:03.525,"[4.0, 2.5, 3130.0, 13202.0, 2.0, 0.0, 0.0, 3.0, 10.0, 3130.0, 0.0, 47.5877990723, -121.9759979248, 2840.0, 10470.0, 19.0, 0.0, 0.0]",879083.4,0
128,2023-10-31 14:09:03.525,"[3.0, 2.25, 2160.0, 9540.0, 2.0, 0.0, 0.0, 3.0, 8.0, 2160.0, 0.0, 47.7667999268, -122.2429962158, 1720.0, 12593.0, 36.0, 0.0, 0.0]",513083.88,0
129,2023-10-31 14:09:03.525,"[3.0, 2.25, 1260.0, 1488.0, 3.0, 0.0, 0.0, 3.0, 7.0, 1260.0, 0.0, 47.7070999146, -122.3359985352, 1190.0, 1095.0, 5.0, 0.0, 0.0]",340764.53,0
130,2023-10-31 14:09:03.525,"[3.0, 2.5, 1750.0, 7208.0, 2.0, 0.0, 0.0, 3.0, 8.0, 1750.0, 0.0, 47.4314994812, -122.1920013428, 2050.0, 7524.0, 20.0, 0.0, 0.0]",311909.6,0
131,2023-10-31 14:09:03.525,"[4.0, 2.25, 2590.0, 12600.0, 2.0, 0.0, 0.0, 3.0, 9.0, 2590.0, 0.0, 47.5565986633, -122.1620025635, 2620.0, 11050.0, 36.0, 0.0, 0.0]",758714.2,0
132,2023-10-31 14:09:03.525,"[3.0, 2.25, 1260.0, 1488.0, 3.0, 0.0, 0.0, 3.0, 7.0, 1260.0, 0.0, 47.7070999146, -122.3359985352, 1190.0, 1095.0, 5.0, 0.0, 0.0]",340764.53,0
133,2023-10-31 14:09:03.525,"[3.0, 2.5, 2110.0, 7434.0, 2.0, 0.0, 0.0, 4.0, 7.0, 2110.0, 0.0, 47.3935012817, -122.1689987183, 2100.0, 7749.0, 36.0, 0.0, 0.0]",335398.94,0
134,2023-10-31 14:09:03.525,"[4.0, 2.0, 2160.0, 4800.0, 2.0, 0.0, 0.0, 4.0, 7.0, 1290.0, 870.0, 47.4776992798, -122.2119979858, 1570.0, 4800.0, 86.0, 0.0, 0.0]",384558.38,0
135,2023-10-31 14:09:03.525,"[2.0, 1.0, 980.0, 3800.0, 1.0, 0.0, 0.0, 3.0, 7.0, 980.0, 0.0, 47.6902999878, -122.3399963379, 1520.0, 5010.0, 89.0, 0.0, 0.0]",448627.72,0
136,2023-10-31 14:09:03.525,"[3.0, 2.5, 1330.0, 1200.0, 3.0, 0.0, 0.0, 3.0, 7.0, 1330.0, 0.0, 47.7033996582, -122.34400177, 1330.0, 1206.0, 12.0, 0.0, 0.0]",342604.4,0
137,2023-10-31 14:09:03.525,"[5.0, 2.5, 2960.0, 8968.0, 1.0, 0.0, 0.0, 4.0, 8.0, 1640.0, 1320.0, 47.623298645, -122.1019973755, 1890.0, 9077.0, 49.0, 0.0, 0.0]",713485.75,0
138,2023-10-31 14:09:03.525,"[2.0, 2.0, 1494.0, 19271.0, 2.0, 1.0, 4.0, 3.0, 7.0, 1494.0, 0.0, 47.4728012085, -122.4970016479, 1494.0, 43583.0, 71.0, 1.0, 54.0]",359947.72,0
139,2023-10-31 14:09:03.525,"[4.0, 1.5, 1770.0, 6014.0, 1.5, 0.0, 0.0, 4.0, 7.0, 1240.0, 530.0, 47.5773010254, -122.3929977417, 1740.0, 6014.0, 68.0, 0.0, 0.0]",559631.1,0
140,2023-10-31 14:09:03.525,"[3.0, 1.0, 1160.0, 3700.0, 1.5, 0.0, 0.0, 3.0, 7.0, 1160.0, 0.0, 47.5651016235, -122.3590011597, 1340.0, 3750.0, 105.0, 0.0, 0.0]",435628.56,0
141,2023-10-31 14:09:03.525,"[3.0, 1.75, 1600.0, 9579.0, 1.0, 0.0, 0.0, 3.0, 8.0, 1180.0, 420.0, 47.7662010193, -122.158996582, 1750.0, 9829.0, 38.0, 0.0, 0.0]",437177.84,0
142,2023-10-31 14:09:03.525,"[2.0, 1.75, 2080.0, 8112.0, 1.0, 1.0, 4.0, 4.0, 8.0, 1040.0, 1040.0, 47.7134017944, -122.2770004272, 2030.0, 8408.0, 75.0, 1.0, 45.0]",987157.25,0
143,2023-10-31 14:09:03.525,"[3.0, 2.5, 1340.0, 3011.0, 2.0, 0.0, 0.0, 3.0, 7.0, 1340.0, 0.0, 47.3838996887, -122.0380020142, 1060.0, 3232.0, 19.0, 0.0, 0.0]",244380.27,0
144,2023-10-31 14:09:03.525,"[4.0, 2.5, 3070.0, 6923.0, 2.0, 0.0, 0.0, 3.0, 9.0, 3070.0, 0.0, 47.6689987183, -122.1719970703, 2190.0, 9218.0, 5.0, 0.0, 0.0]",831483.44,0
145,2023-10-31 14:09:03.525,"[5.0, 2.75, 2980.0, 9838.0, 1.0, 0.0, 0.0, 3.0, 7.0, 1710.0, 1270.0, 47.3806991577, -122.2220001221, 2240.0, 9838.0, 47.0, 0.0, 0.0]",379076.3,0
146,2023-10-31 14:09:03.525,"[3.0, 1.75, 1397.0, 18000.0, 1.0, 0.0, 0.0, 3.0, 7.0, 1397.0, 0.0, 47.3387985229, -122.1660003662, 1950.0, 31294.0, 49.0, 1.0, 49.0]",261201.17,0
147,2023-10-31 14:09:03.525,"[3.0, 2.5, 1730.0, 7442.0, 2.0, 0.0, 0.0, 3.0, 7.0, 1730.0, 0.0, 47.3507003784, -122.1780014038, 1630.0, 6458.0, 27.0, 0.0, 0.0]",285253.16,0
148,2023-10-31 14:09:03.525,"[3.0, 1.0, 1240.0, 5758.0, 1.5, 0.0, 0.0, 4.0, 6.0, 960.0, 280.0, 47.5675010681, -122.3960037231, 1460.0, 5750.0, 105.0, 0.0, 0.0]",437002.75,0
149,2023-10-31 14:09:03.525,"[5.0, 2.75, 3230.0, 13572.0, 1.0, 0.0, 2.0, 3.0, 8.0, 1880.0, 1350.0, 47.4393005371, -122.3470001221, 2910.0, 15292.0, 50.0, 0.0, 0.0]",473287.34,0
150,2023-10-31 14:09:03.525,"[3.0, 1.5, 1580.0, 5000.0, 1.0, 0.0, 0.0, 3.0, 8.0, 1290.0, 290.0, 47.6870002747, -122.3860015869, 1570.0, 4500.0, 75.0, 0.0, 0.0]",557391.25,0
151,2023-10-31 14:09:03.525,"[4.0, 2.5, 3450.0, 35100.0, 2.0, 0.0, 0.0, 3.0, 10.0, 3450.0, 0.0, 47.7302017212, -122.1060028076, 3110.0, 35894.0, 27.0, 0.0, 0.0]",921695.2,0
152,2023-10-31 14:09:03.525,"[2.0, 1.5, 1320.0, 10800.0, 1.0, 0.0, 0.0, 4.0, 8.0, 1320.0, 0.0, 47.7145004272, -122.3669967651, 2120.0, 12040.0, 67.0, 0.0, 0.0]",341649.3,0
153,2023-10-31 14:09:03.525,"[4.0, 2.5, 2600.0, 4506.0, 2.0, 0.0, 0.0, 3.0, 9.0, 2600.0, 0.0, 47.5145988464, -122.18800354, 2470.0, 6041.0, 9.0, 0.0, 0.0]",575285.2,0
154,2023-10-31 14:09:03.525,"[4.0, 2.5, 3450.0, 35100.0, 2.0, 0.0, 0.0, 3.0, 10.0, 3450.0, 0.0, 47.7302017212, -122.1060028076, 3110.0, 35894.0, 27.0, 0.0, 0.0]",921695.2,0
155,2023-10-31 14:09:03.525,"[4.0, 2.75, 3010.0, 7215.0, 2.0, 0.0, 0.0, 3.0, 9.0, 3010.0, 0.0, 47.6952018738, -122.1780014038, 3010.0, 7215.0, 0.0, 0.0, 0.0]",795841.06,0
156,2023-10-31 14:09:03.525,"[4.0, 2.5, 1960.0, 7230.0, 2.0, 0.0, 0.0, 3.0, 8.0, 1960.0, 0.0, 47.2854995728, -122.3600006104, 1850.0, 7208.0, 12.0, 0.0, 0.0]",317765.66,0
157,2023-10-31 14:09:03.525,"[3.0, 1.75, 1600.0, 9579.0, 1.0, 0.0, 0.0, 3.0, 8.0, 1180.0, 420.0, 47.7662010193, -122.158996582, 1750.0, 9829.0, 38.0, 0.0, 0.0]",437177.84,0
158,2023-10-31 14:09:03.525,"[2.0, 1.0, 1070.0, 8130.0, 1.0, 0.0, 0.0, 3.0, 7.0, 1070.0, 0.0, 47.6969985962, -122.3700027466, 1360.0, 7653.0, 73.0, 0.0, 0.0]",403520.06,0
159,2023-10-31 14:09:03.525,"[5.0, 3.5, 3760.0, 10207.0, 2.0, 0.0, 0.0, 3.0, 10.0, 3150.0, 610.0, 47.5605010986, -122.2249984741, 3550.0, 12118.0, 46.0, 0.0, 0.0]",1489624.5,0
160,2023-10-31 14:09:03.525,"[2.0, 1.0, 1160.0, 5000.0, 1.0, 0.0, 0.0, 4.0, 8.0, 1160.0, 0.0, 47.6865005493, -122.3990020752, 1750.0, 5000.0, 77.0, 0.0, 0.0]",450867.56,0
161,2023-10-31 14:09:03.525,"[4.0, 3.5, 3660.0, 4903.0, 2.0, 0.0, 0.0, 3.0, 9.0, 2760.0, 900.0, 47.7183990479, -122.15599823, 3630.0, 4992.0, 0.0, 0.0, 0.0]",873848.25,0
162,2023-10-31 14:09:03.525,"[2.0, 1.0, 980.0, 3800.0, 1.0, 0.0, 0.0, 3.0, 7.0, 980.0, 0.0, 47.6902999878, -122.3399963379, 1520.0, 5010.0, 89.0, 0.0, 0.0]",448627.72,0
163,2023-10-31 14:09:03.525,"[2.0, 1.75, 1930.0, 5570.0, 1.0, 0.0, 0.0, 3.0, 8.0, 1930.0, 0.0, 47.717300415, -122.033996582, 1810.0, 5178.0, 9.0, 0.0, 0.0]",444885.5,0
164,2023-10-31 14:09:03.525,"[3.0, 1.0, 1160.0, 3700.0, 1.5, 0.0, 0.0, 3.0, 7.0, 1160.0, 0.0, 47.5651016235, -122.3590011597, 1340.0, 3750.0, 105.0, 0.0, 0.0]",435628.56,0
165,2023-10-31 14:09:03.525,"[3.0, 1.0, 1240.0, 10800.0, 1.0, 0.0, 0.0, 5.0, 7.0, 1240.0, 0.0, 47.5233001709, -122.1849975586, 1810.0, 10800.0, 55.0, 0.0, 0.0]",268856.88,0
166,2023-10-31 14:09:03.525,"[2.0, 1.0, 1480.0, 6210.0, 1.0, 0.0, 0.0, 3.0, 7.0, 1080.0, 400.0, 47.7739982605, -122.3509979248, 1290.0, 7509.0, 64.0, 0.0, 0.0]",415964.2,0
167,2023-10-31 14:09:03.525,"[3.0, 1.0, 1420.0, 7420.0, 1.5, 0.0, 0.0, 3.0, 6.0, 1420.0, 0.0, 47.4948997498, -122.2389984131, 1290.0, 6600.0, 70.0, 0.0, 0.0]",256630.31,0
168,2023-10-31 14:09:03.525,"[3.0, 1.75, 1720.0, 4050.0, 1.0, 0.0, 0.0, 5.0, 7.0, 860.0, 860.0, 47.6781997681, -122.3140029907, 1720.0, 4410.0, 108.0, 0.0, 0.0]",559631.1,0
169,2023-10-31 14:09:03.525,"[3.0, 2.0, 1400.0, 6380.0, 1.0, 0.0, 0.0, 4.0, 7.0, 700.0, 700.0, 47.701499939, -122.3160018921, 1690.0, 5800.0, 91.0, 0.0, 0.0]",394707.13,0
170,2023-10-31 14:09:03.525,"[3.0, 1.0, 1160.0, 3700.0, 1.5, 0.0, 0.0, 3.0, 7.0, 1160.0, 0.0, 47.5651016235, -122.3590011597, 1340.0, 3750.0, 105.0, 0.0, 0.0]",435628.56,0
171,2023-10-31 14:09:03.525,"[3.0, 2.5, 2430.0, 88426.0, 1.0, 0.0, 0.0, 4.0, 7.0, 1570.0, 860.0, 47.48279953, -121.7180023193, 1560.0, 56827.0, 29.0, 0.0, 0.0]",418823.4,0
172,2023-10-31 14:09:03.525,"[4.0, 2.5, 3220.0, 38448.0, 2.0, 0.0, 0.0, 3.0, 10.0, 3220.0, 0.0, 47.6853981018, -122.0530014038, 3090.0, 38448.0, 21.0, 0.0, 0.0]",886958.44,0
173,2023-10-31 14:09:03.525,"[3.0, 2.5, 2020.0, 11935.0, 1.0, 0.0, 0.0, 4.0, 9.0, 2020.0, 0.0, 47.6319999695, -122.0920028687, 2410.0, 12350.0, 38.0, 0.0, 0.0]",716173.75,0
174,2023-10-31 14:09:03.525,"[3.0, 1.5, 1260.0, 10350.0, 1.0, 0.0, 0.0, 3.0, 7.0, 1260.0, 0.0, 47.6357002258, -122.1230010986, 1800.0, 10350.0, 55.0, 0.0, 0.0]",450867.56,0
175,2023-10-31 14:09:03.525,"[3.0, 2.5, 3310.0, 5300.0, 2.0, 0.0, 2.0, 3.0, 8.0, 2440.0, 870.0, 47.5177993774, -122.388999939, 2140.0, 7500.0, 6.0, 0.0, 0.0]",480151.5,0
176,2023-10-31 14:09:03.525,"[4.0, 2.25, 2560.0, 12100.0, 1.0, 0.0, 0.0, 4.0, 8.0, 1760.0, 800.0, 47.6310005188, -122.108001709, 2240.0, 12100.0, 38.0, 0.0, 0.0]",701940.7,0
177,2023-10-31 14:09:03.525,"[3.0, 2.25, 2206.0, 82031.0, 1.0, 0.0, 2.0, 3.0, 6.0, 866.0, 1340.0, 47.6301994324, -122.0690002441, 2590.0, 53024.0, 31.0, 0.0, 0.0]",682181.94,0
178,2023-10-31 14:09:03.525,"[2.0, 1.5, 1070.0, 1236.0, 2.0, 0.0, 0.0, 3.0, 8.0, 1000.0, 70.0, 47.5619010925, -122.3820037842, 1170.0, 1888.0, 10.0, 0.0, 0.0]",435628.56,0
179,2023-10-31 14:09:03.525,"[3.0, 2.0, 1460.0, 11481.0, 1.0, 0.0, 0.0, 2.0, 7.0, 1170.0, 290.0, 47.4492988586, -121.7770004272, 1540.0, 9680.0, 19.0, 0.0, 0.0]",266405.6,0
180,2023-10-31 14:09:03.525,"[4.0, 3.0, 2170.0, 2500.0, 2.0, 0.0, 0.0, 3.0, 8.0, 1710.0, 460.0, 47.6741981506, -122.3030014038, 2170.0, 4080.0, 17.0, 0.0, 0.0]",675545.5,0
181,2023-10-31 14:09:03.525,"[2.0, 1.0, 940.0, 9839.0, 1.0, 0.0, 0.0, 3.0, 6.0, 940.0, 0.0, 47.5378990173, -122.3860015869, 1330.0, 8740.0, 104.0, 0.0, 0.0]",435628.56,0
182,2023-10-31 14:09:03.525,"[3.0, 1.75, 1600.0, 9579.0, 1.0, 0.0, 0.0, 3.0, 8.0, 1180.0, 420.0, 47.7662010193, -122.158996582, 1750.0, 9829.0, 38.0, 0.0, 0.0]",437177.84,0
183,2023-10-31 14:09:03.525,"[2.0, 1.0, 810.0, 5100.0, 1.0, 0.0, 0.0, 3.0, 6.0, 810.0, 0.0, 47.7317008972, -122.3430023193, 1500.0, 5100.0, 59.0, 0.0, 0.0]",340764.53,0
184,2023-10-31 14:09:03.525,"[3.0, 2.5, 1800.0, 4357.0, 2.0, 0.0, 0.0, 3.0, 8.0, 1800.0, 0.0, 47.5336990356, -121.841003418, 1800.0, 3663.0, 2.0, 0.0, 0.0]",450996.25,0
185,2023-10-31 14:09:03.525,"[3.0, 1.75, 1320.0, 9675.0, 1.5, 0.0, 0.0, 4.0, 7.0, 1320.0, 0.0, 47.5694999695, -121.9020004272, 1160.0, 9675.0, 44.0, 0.0, 0.0]",438346.25,0
186,2023-10-31 14:09:03.525,"[3.0, 1.5, 1120.0, 6653.0, 1.0, 0.0, 0.0, 4.0, 7.0, 1120.0, 0.0, 47.7321014404, -122.3339996338, 1580.0, 7355.0, 78.0, 0.0, 0.0]",340764.53,0
187,2023-10-31 14:09:03.525,"[3.0, 2.5, 1370.0, 22326.0, 2.0, 0.0, 0.0, 3.0, 7.0, 1370.0, 0.0, 47.4468994141, -121.7750015259, 1580.0, 10920.0, 21.0, 0.0, 0.0]",252192.9,0
188,2023-10-31 14:09:03.525,"[3.0, 4.0, 2080.0, 2250.0, 3.0, 0.0, 4.0, 3.0, 8.0, 2080.0, 0.0, 47.6598014832, -122.3550033569, 2080.0, 2250.0, 17.0, 0.0, 0.0]",656923.5,0
189,2023-10-31 14:09:03.525,"[2.0, 1.75, 1930.0, 5570.0, 1.0, 0.0, 0.0, 3.0, 8.0, 1930.0, 0.0, 47.717300415, -122.033996582, 1810.0, 5178.0, 9.0, 0.0, 0.0]",444885.5,0
190,2023-10-31 14:09:03.525,"[3.0, 1.0, 1030.0, 3000.0, 1.0, 0.0, 0.0, 3.0, 7.0, 830.0, 200.0, 47.6813011169, -122.3170013428, 1830.0, 3000.0, 90.0, 0.0, 0.0]",450867.56,0
191,2023-10-31 14:09:03.525,"[3.0, 2.25, 1700.0, 1481.0, 3.0, 0.0, 0.0, 3.0, 8.0, 1700.0, 0.0, 47.6598014832, -122.3489990234, 1560.0, 1350.0, 12.0, 0.0, 0.0]",557391.25,0
192,2023-10-31 14:09:03.525,"[3.0, 2.75, 3170.0, 34850.0, 1.0, 0.0, 0.0, 5.0, 9.0, 3170.0, 0.0, 47.6610984802, -122.1689987183, 3920.0, 36740.0, 58.0, 0.0, 0.0]",1227073.8,0
193,2023-10-31 14:09:03.525,"[3.0, 1.5, 1770.0, 30689.0, 1.0, 0.0, 4.0, 3.0, 9.0, 1770.0, 0.0, 47.7648010254, -122.3700027466, 2650.0, 30280.0, 62.0, 0.0, 0.0]",836230.44,0
194,2023-10-31 14:09:03.525,"[3.0, 2.25, 2060.0, 7080.0, 2.0, 0.0, 0.0, 3.0, 9.0, 1800.0, 260.0, 47.6455001831, -122.408996582, 3070.0, 7500.0, 75.0, 0.0, 0.0]",904204.2,0
195,2023-10-31 14:09:03.525,"[2.0, 1.5, 1440.0, 725.0, 2.0, 0.0, 0.0, 3.0, 8.0, 1100.0, 340.0, 47.5606994629, -122.3779983521, 1440.0, 4255.0, 3.0, 0.0, 0.0]",447192.13,0
196,2023-10-31 14:09:03.525,"[4.0, 2.5, 3140.0, 12792.0, 2.0, 0.0, 0.0, 4.0, 9.0, 3140.0, 0.0, 47.3862991333, -122.15599823, 2510.0, 12792.0, 37.0, 0.0, 0.0]",513583.13,0
197,2023-10-31 14:09:03.525,"[3.0, 1.5, 1580.0, 5000.0, 1.0, 0.0, 0.0, 3.0, 8.0, 1290.0, 290.0, 47.6870002747, -122.3860015869, 1570.0, 4500.0, 75.0, 0.0, 0.0]",557391.25,0
198,2023-10-31 14:09:03.525,"[3.0, 1.75, 1790.0, 50529.0, 1.0, 0.0, 0.0, 5.0, 7.0, 1090.0, 700.0, 47.3511009216, -122.0729980469, 1940.0, 50529.0, 50.0, 0.0, 0.0]",291904.0,0
199,2023-10-31 14:09:03.525,"[3.0, 1.75, 1850.0, 8667.0, 1.0, 0.0, 0.0, 4.0, 7.0, 880.0, 970.0, 47.7024993896, -122.1979980469, 1450.0, 10530.0, 32.0, 0.0, 0.0]",467484.22,0
200,2023-10-31 14:09:03.525,"[2.0, 1.5, 1070.0, 1236.0, 2.0, 0.0, 0.0, 3.0, 8.0, 1000.0, 70.0, 47.5619010925, -122.3820037842, 1170.0, 1888.0, 10.0, 0.0, 0.0]",435628.56,0
201,2023-10-31 14:09:03.525,"[4.0, 2.5, 2900.0, 5505.0, 2.0, 0.0, 0.0, 3.0, 8.0, 2900.0, 0.0, 47.606300354, -122.0199966431, 2970.0, 5251.0, 12.0, 0.0, 0.0]",718013.75,0
202,2023-10-31 14:09:03.525,"[1.0, 0.75, 770.0, 4600.0, 1.0, 0.0, 0.0, 4.0, 6.0, 770.0, 0.0, 47.5564994812, -122.3769989014, 1550.0, 4600.0, 104.0, 0.0, 0.0]",435628.56,0
203,2023-10-31 14:09:03.525,"[4.0, 2.5, 2160.0, 5298.0, 2.5, 0.0, 0.0, 4.0, 9.0, 2160.0, 0.0, 47.6105995178, -122.3099975586, 1720.0, 2283.0, 112.0, 0.0, 0.0]",904378.75,0
204,2023-10-31 14:09:03.525,"[4.0, 2.5, 1850.0, 8310.0, 1.0, 0.0, 0.0, 3.0, 7.0, 1200.0, 650.0, 47.7717018127, -122.2900009155, 1840.0, 10080.0, 53.0, 0.0, 0.0]",437753.28,0
205,2023-10-31 14:09:03.525,"[2.0, 1.0, 1210.0, 8400.0, 1.0, 0.0, 0.0, 3.0, 8.0, 780.0, 430.0, 47.6502990723, -122.3929977417, 1860.0, 6000.0, 14.0, 0.0, 0.0]",450867.56,0
206,2023-10-31 14:09:03.525,"[4.0, 1.75, 1920.0, 7500.0, 1.0, 0.0, 0.0, 4.0, 7.0, 1920.0, 0.0, 47.4221992493, -122.3180007935, 1490.0, 8000.0, 52.0, 0.0, 0.0]",303936.84,0
207,2023-10-31 14:09:03.525,"[4.0, 1.75, 2670.0, 189486.0, 2.0, 0.0, 4.0, 3.0, 8.0, 2670.0, 0.0, 47.2584991455, -122.0609970093, 2190.0, 218610.0, 42.0, 0.0, 0.0]",495822.6,0
208,2023-10-31 14:09:03.525,"[3.0, 2.0, 1310.0, 9855.0, 1.0, 0.0, 0.0, 3.0, 7.0, 1310.0, 0.0, 47.729598999, -122.2409973145, 1310.0, 8370.0, 52.0, 0.0, 0.0]",340764.53,0
209,2023-10-31 14:09:03.525,"[5.0, 2.75, 2160.0, 7200.0, 1.5, 0.0, 0.0, 3.0, 7.0, 1220.0, 940.0, 47.557598114, -122.2730026245, 1900.0, 7200.0, 59.0, 0.0, 0.0]",673288.6,0
210,2023-10-31 14:09:03.525,"[4.0, 2.5, 1820.0, 3899.0, 2.0, 0.0, 0.0, 3.0, 7.0, 1820.0, 0.0, 47.7350006104, -121.9850006104, 1820.0, 3899.0, 16.0, 0.0, 0.0]",437177.84,0
211,2023-10-31 14:09:03.525,"[3.0, 1.5, 1590.0, 21600.0, 1.5, 0.0, 0.0, 4.0, 7.0, 1590.0, 0.0, 47.2159004211, -121.966003418, 1780.0, 21600.0, 44.0, 0.0, 0.0]",283759.94,0
212,2023-10-31 14:09:03.525,"[4.0, 2.25, 2060.0, 5649.0, 1.0, 0.0, 0.0, 5.0, 8.0, 1360.0, 700.0, 47.6496009827, -122.4069976807, 2060.0, 5626.0, 73.0, 0.0, 0.0]",630865.6,0
213,2023-10-31 14:09:03.525,"[3.0, 2.5, 2430.0, 88426.0, 1.0, 0.0, 0.0, 4.0, 7.0, 1570.0, 860.0, 47.48279953, -121.7180023193, 1560.0, 56827.0, 29.0, 0.0, 0.0]",418823.4,0
214,2023-10-31 14:09:03.525,"[3.0, 2.5, 1990.0, 4040.0, 1.5, 0.0, 0.0, 5.0, 8.0, 1390.0, 600.0, 47.6866989136, -122.3539962769, 1180.0, 3030.0, 88.0, 0.0, 0.0]",581003.0,0
215,2023-10-31 14:09:03.525,"[4.0, 2.5, 2160.0, 9682.0, 2.0, 0.0, 0.0, 3.0, 8.0, 2160.0, 0.0, 47.4105987549, -122.2040023804, 1770.0, 9600.0, 15.0, 0.0, 0.0]",363491.7,0
216,2023-10-31 14:09:03.525,"[3.0, 1.75, 1340.0, 10276.0, 1.0, 0.0, 0.0, 4.0, 7.0, 1340.0, 0.0, 47.7206993103, -122.2220001221, 2950.0, 7987.0, 53.0, 0.0, 0.0]",342604.4,0
217,2023-10-31 14:09:03.525,"[4.0, 2.5, 2130.0, 9100.0, 1.0, 0.0, 0.0, 3.0, 8.0, 1290.0, 840.0, 47.3815002441, -122.1689987183, 1770.0, 7700.0, 36.0, 0.0, 0.0]",334257.7,0
218,2023-10-31 14:09:03.525,"[4.0, 1.75, 1920.0, 7500.0, 1.0, 0.0, 0.0, 4.0, 7.0, 1920.0, 0.0, 47.4221992493, -122.3180007935, 1490.0, 8000.0, 52.0, 0.0, 0.0]",303936.84,0
219,2023-10-31 14:09:03.525,"[4.0, 2.5, 1850.0, 8310.0, 1.0, 0.0, 0.0, 3.0, 7.0, 1200.0, 650.0, 47.7717018127, -122.2900009155, 1840.0, 10080.0, 53.0, 0.0, 0.0]",437753.28,0
220,2023-10-31 14:09:03.525,"[2.0, 1.0, 700.0, 8100.0, 1.0, 0.0, 0.0, 3.0, 6.0, 700.0, 0.0, 47.7491989136, -122.3109970093, 1230.0, 8100.0, 65.0, 0.0, 0.0]",340764.53,0
221,2023-10-31 14:09:03.525,"[3.0, 2.5, 2120.0, 5277.0, 2.0, 0.0, 0.0, 3.0, 7.0, 2120.0, 0.0, 47.681098938, -122.033996582, 2370.0, 5257.0, 10.0, 0.0, 0.0]",657905.9,0
222,2023-10-31 14:09:03.525,"[5.0, 3.5, 2700.0, 11675.0, 1.5, 0.0, 2.0, 4.0, 6.0, 1950.0, 750.0, 47.7172012329, -122.3489990234, 2160.0, 8114.0, 66.0, 0.0, 0.0]",559923.94,0
223,2023-10-31 14:09:03.525,"[3.0, 2.5, 1660.0, 2890.0, 2.0, 0.0, 0.0, 3.0, 7.0, 1660.0, 0.0, 47.5433998108, -122.2929992676, 1540.0, 2890.0, 14.0, 0.0, 0.0]",544392.1,0
224,2023-10-31 14:09:03.525,"[4.0, 1.75, 2420.0, 8400.0, 1.0, 0.0, 0.0, 5.0, 7.0, 1620.0, 800.0, 47.501701355, -122.1650009155, 1660.0, 8400.0, 50.0, 0.0, 0.0]",411000.2,0
225,2023-10-31 14:09:03.525,"[3.0, 1.5, 1670.0, 3852.0, 2.0, 0.0, 3.0, 4.0, 8.0, 1670.0, 0.0, 47.6411018372, -122.3710021973, 2320.0, 4572.0, 87.0, 0.0, 0.0]",559631.1,0
226,2023-10-31 14:09:03.525,"[1.0, 1.0, 930.0, 7129.0, 1.0, 0.0, 0.0, 3.0, 6.0, 930.0, 0.0, 47.723400116, -122.3330001831, 1300.0, 8075.0, 66.0, 0.0, 0.0]",340764.53,0
227,2023-10-31 14:09:03.525,"[3.0, 1.75, 1650.0, 1180.0, 3.0, 0.0, 0.0, 3.0, 8.0, 1650.0, 0.0, 47.6636009216, -122.3190002441, 1720.0, 1960.0, 0.0, 0.0, 0.0]",559631.1,0
228,2023-10-31 14:09:03.525,"[3.0, 2.5, 1270.0, 2509.0, 2.0, 0.0, 0.0, 3.0, 8.0, 1270.0, 0.0, 47.5357017517, -122.3649978638, 1420.0, 2206.0, 10.0, 0.0, 0.0]",431992.06,0
229,2023-10-31 14:09:03.525,"[4.0, 3.25, 4160.0, 47480.0, 2.0, 0.0, 0.0, 3.0, 10.0, 4160.0, 0.0, 47.726600647, -122.1149978638, 3400.0, 40428.0, 19.0, 0.0, 0.0]",1082353.3,0
230,2023-10-31 14:09:03.525,"[4.0, 2.5, 3140.0, 12792.0, 2.0, 0.0, 0.0, 4.0, 9.0, 3140.0, 0.0, 47.3862991333, -122.15599823, 2510.0, 12792.0, 37.0, 0.0, 0.0]",513583.13,0
231,2023-10-31 14:09:03.525,"[4.0, 2.5, 1850.0, 8310.0, 1.0, 0.0, 0.0, 3.0, 7.0, 1200.0, 650.0, 47.7717018127, -122.2900009155, 1840.0, 10080.0, 53.0, 0.0, 0.0]",437753.28,0
232,2023-10-31 14:09:03.525,"[5.0, 3.0, 3520.0, 36558.0, 2.0, 0.0, 0.0, 4.0, 8.0, 2100.0, 1420.0, 47.465801239, -122.0070037842, 3000.0, 36558.0, 29.0, 0.0, 0.0]",475971.56,0
233,2023-10-31 14:09:03.525,"[4.0, 2.75, 2840.0, 8800.0, 2.0, 0.0, 0.0, 3.0, 9.0, 2840.0, 0.0, 47.7028999329, -122.1709976196, 1840.0, 7700.0, 6.0, 0.0, 0.0]",765468.75,0
234,2023-10-31 14:09:03.525,"[4.0, 2.5, 1820.0, 3899.0, 2.0, 0.0, 0.0, 3.0, 7.0, 1820.0, 0.0, 47.7350006104, -121.9850006104, 1820.0, 3899.0, 16.0, 0.0, 0.0]",437177.84,0
235,2023-10-31 14:09:03.525,"[3.0, 1.0, 1670.0, 4005.0, 1.5, 0.0, 0.0, 4.0, 7.0, 1170.0, 500.0, 47.6878013611, -122.3799972534, 1240.0, 4005.0, 75.0, 0.0, 0.0]",557391.25,0
236,2023-10-31 14:09:03.525,"[6.0, 4.5, 3300.0, 7480.0, 2.0, 0.0, 0.0, 3.0, 8.0, 3300.0, 0.0, 47.679599762, -122.1039962769, 2470.0, 7561.0, 34.0, 0.0, 0.0]",725572.5,0
237,2023-10-31 14:09:03.525,"[3.0, 1.75, 2340.0, 10495.0, 1.0, 0.0, 0.0, 4.0, 8.0, 2340.0, 0.0, 47.5386009216, -122.2259979248, 3120.0, 11068.0, 47.0, 0.0, 0.0]",704672.25,0
238,2023-10-31 14:09:03.525,"[3.0, 2.25, 2160.0, 9540.0, 2.0, 0.0, 0.0, 3.0, 8.0, 2160.0, 0.0, 47.7667999268, -122.2429962158, 1720.0, 12593.0, 36.0, 0.0, 0.0]",513083.88,0
239,2023-10-31 14:09:03.525,"[2.0, 1.0, 700.0, 8100.0, 1.0, 0.0, 0.0, 3.0, 6.0, 700.0, 0.0, 47.7491989136, -122.3109970093, 1230.0, 8100.0, 65.0, 0.0, 0.0]",340764.53,0
240,2023-10-31 14:09:03.525,"[1.0, 1.0, 1090.0, 32010.0, 1.0, 0.0, 0.0, 4.0, 6.0, 1090.0, 0.0, 47.6927986145, -121.8700027466, 1870.0, 25346.0, 56.0, 0.0, 0.0]",444407.9,0
241,2023-10-31 14:09:03.525,"[4.0, 2.0, 1570.0, 9415.0, 2.0, 0.0, 0.0, 4.0, 7.0, 1570.0, 0.0, 47.3167991638, -122.1740036011, 1550.0, 8978.0, 30.0, 0.0, 0.0]",276709.06,0
242,2023-10-31 14:09:03.525,"[2.0, 1.0, 650.0, 5400.0, 1.0, 0.0, 0.0, 3.0, 6.0, 650.0, 0.0, 47.6184997559, -122.2949981689, 1310.0, 4906.0, 64.0, 0.0, 0.0]",448627.72,0
243,2023-10-31 14:09:03.525,"[3.0, 2.25, 1260.0, 1488.0, 3.0, 0.0, 0.0, 3.0, 7.0, 1260.0, 0.0, 47.7070999146, -122.3359985352, 1190.0, 1095.0, 5.0, 0.0, 0.0]",340764.53,0
244,2023-10-31 14:09:03.525,"[3.0, 2.75, 2890.0, 12130.0, 2.0, 0.0, 3.0, 4.0, 10.0, 2830.0, 60.0, 47.6505012512, -122.2030029297, 2415.0, 11538.0, 27.0, 0.0, 0.0]",987149.56,0
245,2023-10-31 14:09:03.525,"[5.0, 2.0, 3540.0, 9970.0, 2.0, 0.0, 3.0, 3.0, 9.0, 3540.0, 0.0, 47.7108001709, -122.2770004272, 2280.0, 7195.0, 44.0, 0.0, 0.0]",1085835.8,0
246,2023-10-31 14:09:03.525,"[4.0, 2.5, 2590.0, 9530.0, 1.0, 0.0, 0.0, 4.0, 8.0, 1640.0, 950.0, 47.7751998901, -122.2850036621, 2710.0, 10970.0, 36.0, 0.0, 0.0]",536371.25,0
247,2023-10-31 14:09:03.525,"[2.0, 1.0, 870.0, 7227.0, 1.0, 0.0, 0.0, 3.0, 7.0, 870.0, 0.0, 47.7288017273, -122.3310012817, 1250.0, 7252.0, 66.0, 0.0, 0.0]",340764.53,0
248,2023-10-31 14:09:03.525,"[4.0, 2.0, 1570.0, 9415.0, 2.0, 0.0, 0.0, 4.0, 7.0, 1570.0, 0.0, 47.3167991638, -122.1740036011, 1550.0, 8978.0, 30.0, 0.0, 0.0]",276709.06,0
249,2023-10-31 14:09:03.525,"[1.0, 1.0, 670.0, 5750.0, 1.0, 0.0, 0.0, 3.0, 7.0, 670.0, 0.0, 47.5624008179, -122.3939971924, 1170.0, 5750.0, 73.0, 1.0, 69.0]",435628.56,0
250,2023-10-31 14:09:03.525,"[4.0, 1.75, 1920.0, 7455.0, 1.0, 0.0, 0.0, 4.0, 7.0, 960.0, 960.0, 47.7106018066, -122.2860031128, 1920.0, 7455.0, 75.0, 1.0, 25.0]",447162.75,0
251,2023-10-31 14:09:03.525,"[5.0, 3.5, 5430.0, 10327.0, 2.0, 0.0, 2.0, 3.0, 10.0, 4010.0, 1420.0, 47.5475997925, -122.1159973145, 4340.0, 10324.0, 7.0, 0.0, 0.0]",1207858.6,0
252,2023-10-31 14:09:03.525,"[3.0, 2.5, 1680.0, 5000.0, 2.0, 0.0, 0.0, 3.0, 8.0, 1680.0, 0.0, 47.3195991516, -122.3949966431, 1720.0, 5000.0, 27.0, 0.0, 0.0]",296411.72,0
253,2023-10-31 14:09:03.525,"[3.0, 1.5, 1780.0, 16000.0, 1.0, 0.0, 0.0, 2.0, 7.0, 1240.0, 540.0, 47.4189987183, -122.3219985962, 1860.0, 9775.0, 54.0, 0.0, 0.0]",308049.63,0
254,2023-10-31 14:09:03.525,"[6.0, 4.5, 3300.0, 7480.0, 2.0, 0.0, 0.0, 3.0, 8.0, 3300.0, 0.0, 47.679599762, -122.1039962769, 2470.0, 7561.0, 34.0, 0.0, 0.0]",725572.5,0
255,2023-10-31 14:09:03.525,"[4.0, 1.0, 1820.0, 5500.0, 1.5, 0.0, 0.0, 3.0, 6.0, 1820.0, 0.0, 47.5185012817, -122.3629989624, 1140.0, 5500.0, 68.0, 0.0, 0.0]",322015.06,0
256,2023-10-31 14:09:03.525,"[3.0, 1.5, 1840.0, 5000.0, 1.5, 0.0, 0.0, 5.0, 7.0, 1340.0, 500.0, 47.6651992798, -122.3619995117, 1840.0, 5000.0, 99.0, 0.0, 0.0]",559631.1,0
257,2023-10-31 14:09:03.525,"[2.0, 1.0, 840.0, 7020.0, 1.5, 0.0, 0.0, 4.0, 7.0, 840.0, 0.0, 47.5513000488, -122.3939971924, 1310.0, 7072.0, 72.0, 0.0, 0.0]",435628.56,0
258,2023-10-31 14:09:03.525,"[1.0, 1.0, 670.0, 5750.0, 1.0, 0.0, 0.0, 3.0, 7.0, 670.0, 0.0, 47.5624008179, -122.3939971924, 1170.0, 5750.0, 73.0, 1.0, 69.0]",435628.56,0
259,2023-10-31 14:09:03.525,"[3.0, 2.0, 1790.0, 6800.0, 1.0, 0.0, 0.0, 4.0, 7.0, 1240.0, 550.0, 47.7280006409, -122.3389968872, 1470.0, 6800.0, 51.0, 0.0, 0.0]",437177.84,0
260,2023-10-31 14:09:03.525,"[3.0, 2.0, 2100.0, 31550.0, 1.0, 0.0, 0.0, 3.0, 8.0, 2100.0, 0.0, 47.690700531, -121.9169998169, 1860.0, 18452.0, 4.0, 0.0, 0.0]",641162.25,0
261,2023-10-31 14:09:03.525,"[4.0, 1.0, 1220.0, 5120.0, 1.5, 0.0, 0.0, 5.0, 6.0, 1220.0, 0.0, 47.2050018311, -121.9960021973, 1540.0, 7670.0, 75.0, 0.0, 0.0]",244351.95,0
262,2023-10-31 14:09:03.525,"[4.0, 2.75, 2100.0, 11894.0, 1.0, 0.0, 0.0, 4.0, 8.0, 1720.0, 380.0, 47.6006011963, -122.1940002441, 2390.0, 9450.0, 46.0, 0.0, 0.0]",642519.75,0
263,2023-10-31 14:09:03.525,"[4.0, 2.0, 2180.0, 6000.0, 1.5, 0.0, 0.0, 3.0, 8.0, 2060.0, 120.0, 47.5957984924, -122.3059997559, 1370.0, 4500.0, 88.0, 0.0, 0.0]",675545.5,0
264,2023-10-31 14:09:03.525,"[4.0, 1.0, 1750.0, 68841.0, 1.0, 0.0, 0.0, 3.0, 7.0, 1750.0, 0.0, 47.4441986084, -122.0810012817, 1550.0, 32799.0, 72.0, 0.0, 0.0]",303002.3,0
265,2023-10-31 14:09:03.525,"[2.0, 2.25, 1620.0, 1841.0, 2.0, 0.0, 0.0, 3.0, 8.0, 1540.0, 80.0, 47.5483016968, -122.0039978027, 1530.0, 1831.0, 10.0, 0.0, 0.0]",544392.1,0
266,2023-10-31 14:09:03.525,"[4.0, 1.75, 2430.0, 7559.0, 1.0, 0.0, 0.0, 4.0, 8.0, 1580.0, 850.0, 47.7206001282, -122.1100006104, 1980.0, 8750.0, 34.0, 0.0, 0.0]",538316.4,0
267,2023-10-31 14:09:03.525,"[3.0, 2.25, 1190.0, 1022.0, 3.0, 0.0, 0.0, 3.0, 8.0, 1190.0, 0.0, 47.6972007751, -122.3489990234, 1210.0, 1171.0, 17.0, 0.0, 0.0]",400561.06,0
268,2023-10-31 14:09:03.525,"[2.0, 1.0, 1010.0, 4000.0, 1.0, 0.0, 0.0, 3.0, 6.0, 1010.0, 0.0, 47.5536003113, -122.266998291, 1040.0, 4000.0, 103.0, 0.0, 0.0]",435628.56,0
269,2023-10-31 14:09:03.525,"[3.0, 1.75, 1930.0, 10183.0, 1.0, 0.0, 0.0, 4.0, 8.0, 1480.0, 450.0, 47.5624008179, -122.1350021362, 2320.0, 10000.0, 39.0, 0.0, 0.0]",559453.0,0
270,2023-10-31 14:09:03.525,"[3.0, 1.5, 2060.0, 15050.0, 1.5, 0.0, 0.0, 4.0, 7.0, 2060.0, 0.0, 47.3320999146, -122.3730010986, 1900.0, 15674.0, 76.0, 0.0, 0.0]",355736.13,0
271,2023-10-31 14:09:03.525,"[4.0, 1.75, 1920.0, 7500.0, 1.0, 0.0, 0.0, 4.0, 7.0, 1920.0, 0.0, 47.4221992493, -122.3180007935, 1490.0, 8000.0, 52.0, 0.0, 0.0]",303936.84,0
272,2023-10-31 14:09:03.525,"[4.0, 2.5, 1910.0, 5000.0, 2.0, 0.0, 0.0, 3.0, 7.0, 1910.0, 0.0, 47.3608016968, -122.0360031128, 2020.0, 5000.0, 9.0, 0.0, 0.0]",296202.75,0
273,2023-10-31 14:09:03.525,"[4.0, 1.0, 1750.0, 68841.0, 1.0, 0.0, 0.0, 3.0, 7.0, 1750.0, 0.0, 47.4441986084, -122.0810012817, 1550.0, 32799.0, 72.0, 0.0, 0.0]",303002.3,0
274,2023-10-31 14:09:03.525,"[3.0, 1.0, 1310.0, 18135.0, 1.0, 0.0, 0.0, 3.0, 7.0, 1310.0, 0.0, 47.6064987183, -122.1129989624, 2150.0, 18135.0, 67.0, 0.0, 0.0]",450867.56,0
275,2023-10-31 14:09:03.525,"[3.0, 2.0, 1460.0, 9759.0, 1.0, 0.0, 0.0, 5.0, 7.0, 1460.0, 0.0, 47.6643981934, -122.1439971924, 1620.0, 8421.0, 42.0, 0.0, 0.0]",498579.4,0
276,2023-10-31 14:09:03.525,"[3.0, 2.5, 2120.0, 5277.0, 2.0, 0.0, 0.0, 3.0, 7.0, 2120.0, 0.0, 47.681098938, -122.033996582, 2370.0, 5257.0, 10.0, 0.0, 0.0]",657905.9,0
277,2023-10-31 14:09:03.525,"[3.0, 2.5, 1660.0, 10763.0, 2.0, 0.0, 0.0, 3.0, 7.0, 1660.0, 0.0, 47.3811988831, -122.0289993286, 2010.0, 7983.0, 20.0, 0.0, 0.0]",284845.38,0
278,2023-10-31 14:09:03.525,"[2.0, 1.0, 920.0, 4095.0, 1.0, 0.0, 0.0, 4.0, 6.0, 920.0, 0.0, 47.5484008789, -122.2779998779, 1460.0, 4945.0, 100.0, 0.0, 0.0]",435628.56,0
279,2023-10-31 14:09:03.525,"[3.0, 1.0, 1040.0, 4240.0, 1.0, 0.0, 0.0, 4.0, 7.0, 860.0, 180.0, 47.6767997742, -122.3669967651, 1170.0, 4240.0, 90.0, 0.0, 0.0]",448627.72,0
280,2023-10-31 14:09:03.525,"[2.0, 1.0, 1160.0, 5000.0, 1.0, 0.0, 0.0, 4.0, 8.0, 1160.0, 0.0, 47.6865005493, -122.3990020752, 1750.0, 5000.0, 77.0, 0.0, 0.0]",450867.56,0
281,2023-10-31 14:09:03.525,"[4.0, 1.5, 3520.0, 4933.0, 1.5, 0.0, 0.0, 4.0, 8.0, 2270.0, 1250.0, 47.5654983521, -122.3150024414, 1710.0, 5400.0, 86.0, 0.0, 0.0]",784103.56,0
282,2023-10-31 14:09:03.525,"[3.0, 2.5, 2690.0, 7000.0, 2.0, 0.0, 0.0, 5.0, 7.0, 1840.0, 850.0, 47.6783981323, -122.2770004272, 1800.0, 6435.0, 71.0, 0.0, 0.0]",718445.6,0
283,2023-10-31 14:09:03.525,"[3.0, 1.75, 1050.0, 7854.0, 1.0, 0.0, 0.0, 4.0, 7.0, 1050.0, 0.0, 47.3011016846, -122.3690032959, 1360.0, 7668.0, 40.0, 0.0, 0.0]",239734.06,0
284,2023-10-31 14:09:03.525,"[1.0, 1.0, 670.0, 5750.0, 1.0, 0.0, 0.0, 3.0, 7.0, 670.0, 0.0, 47.5624008179, -122.3939971924, 1170.0, 5750.0, 73.0, 1.0, 69.0]",435628.56,0
285,2023-10-31 14:09:03.525,"[4.0, 2.5, 4060.0, 8547.0, 2.0, 0.0, 0.0, 3.0, 9.0, 2790.0, 1270.0, 47.3694000244, -122.0559997559, 2810.0, 8313.0, 7.0, 0.0, 0.0]",634262.44,0
286,2023-10-31 14:09:03.525,"[3.0, 1.5, 1780.0, 16000.0, 1.0, 0.0, 0.0, 2.0, 7.0, 1240.0, 540.0, 47.4189987183, -122.3219985962, 1860.0, 9775.0, 54.0, 0.0, 0.0]",308049.63,0
287,2023-10-31 14:09:03.525,"[4.0, 1.5, 1540.0, 7168.0, 1.0, 0.0, 0.0, 3.0, 7.0, 1160.0, 380.0, 47.4550018311, -122.1979980469, 1540.0, 7176.0, 51.0, 0.0, 0.0]",293808.1,0
288,2023-10-31 14:09:03.525,"[3.0, 2.0, 1790.0, 6800.0, 1.0, 0.0, 0.0, 4.0, 7.0, 1240.0, 550.0, 47.7280006409, -122.3389968872, 1470.0, 6800.0, 51.0, 0.0, 0.0]",437177.84,0
289,2023-10-31 14:09:03.525,"[6.0, 2.75, 3500.0, 5150.0, 2.0, 0.0, 0.0, 5.0, 8.0, 2430.0, 1070.0, 47.6842002869, -122.3629989624, 1430.0, 3860.0, 105.0, 0.0, 0.0]",784103.56,0
290,2023-10-31 14:09:03.525,"[2.0, 1.0, 700.0, 8100.0, 1.0, 0.0, 0.0, 3.0, 6.0, 700.0, 0.0, 47.7491989136, -122.3109970093, 1230.0, 8100.0, 65.0, 0.0, 0.0]",340764.53,0
291,2023-10-31 14:09:03.525,"[3.0, 2.25, 2206.0, 82031.0, 1.0, 0.0, 2.0, 3.0, 6.0, 866.0, 1340.0, 47.6301994324, -122.0690002441, 2590.0, 53024.0, 31.0, 0.0, 0.0]",682181.94,0
292,2023-10-31 14:09:03.525,"[3.0, 1.75, 2360.0, 8290.0, 1.0, 0.0, 0.0, 4.0, 7.0, 1180.0, 1180.0, 47.6738014221, -122.28099823, 1880.0, 7670.0, 65.0, 0.0, 0.0]",713979.0,0
293,2023-10-31 14:09:03.525,"[3.0, 2.5, 1350.0, 941.0, 3.0, 0.0, 0.0, 3.0, 9.0, 1350.0, 0.0, 47.626499176, -122.3639984131, 1640.0, 1369.0, 8.0, 0.0, 0.0]",684577.2,0
294,2023-10-31 14:09:03.525,"[4.0, 2.5, 3670.0, 54450.0, 2.0, 0.0, 0.0, 3.0, 10.0, 3670.0, 0.0, 47.6211013794, -122.0159988403, 2900.0, 49658.0, 15.0, 0.0, 0.0]",921695.2,0
295,2023-10-31 14:09:03.525,"[5.0, 2.75, 2980.0, 9838.0, 1.0, 0.0, 0.0, 3.0, 7.0, 1710.0, 1270.0, 47.3806991577, -122.2220001221, 2240.0, 9838.0, 47.0, 0.0, 0.0]",379076.3,0
296,2023-10-31 14:09:03.525,"[3.0, 2.25, 2390.0, 7875.0, 1.0, 0.0, 1.0, 3.0, 10.0, 1980.0, 410.0, 47.6515007019, -122.2779998779, 3720.0, 9075.0, 66.0, 0.0, 0.0]",1364149.9,0
297,2023-10-31 14:09:03.525,"[4.0, 1.5, 1720.0, 6417.0, 1.0, 0.0, 0.0, 3.0, 7.0, 1720.0, 0.0, 47.7267990112, -122.3109970093, 1430.0, 6240.0, 61.0, 0.0, 0.0]",437177.84,0
298,2023-10-31 14:09:03.525,"[3.0, 1.0, 2298.0, 10140.0, 1.0, 0.0, 0.0, 3.0, 7.0, 2298.0, 0.0, 47.6908988953, -122.0830001831, 2580.0, 24724.0, 46.0, 0.0, 0.0]",683869.6,0
299,2023-10-31 14:09:03.525,"[3.0, 1.75, 1540.0, 9154.0, 1.0, 0.0, 0.0, 3.0, 8.0, 1540.0, 0.0, 47.6207008362, -122.0419998169, 1990.0, 10273.0, 31.0, 0.0, 0.0]",555231.94,0
300,2023-10-31 14:09:03.525,"[3.0, 1.0, 1150.0, 3000.0, 1.0, 0.0, 0.0, 5.0, 6.0, 1150.0, 0.0, 47.6866989136, -122.3450012207, 1460.0, 3200.0, 108.0, 0.0, 0.0]",448627.72,0
301,2023-10-31 14:09:03.525,"[2.0, 1.0, 770.0, 5040.0, 1.0, 0.0, 0.0, 3.0, 5.0, 770.0, 0.0, 47.5964012146, -122.2990036011, 1330.0, 2580.0, 85.0, 0.0, 0.0]",448627.72,0
302,2023-10-31 14:09:03.525,"[3.0, 2.5, 1680.0, 11193.0, 2.0, 0.0, 0.0, 3.0, 8.0, 1680.0, 0.0, 47.4482002258, -122.125, 2080.0, 8084.0, 30.0, 0.0, 0.0]",311515.13,0
303,2023-10-31 14:09:03.525,"[3.0, 2.5, 2370.0, 4200.0, 2.0, 0.0, 0.0, 3.0, 8.0, 2370.0, 0.0, 47.3698997498, -122.0189971924, 2370.0, 4370.0, 1.0, 0.0, 0.0]",349102.75,0
304,2023-10-31 14:09:03.525,"[3.0, 1.0, 1000.0, 16376.0, 1.0, 0.0, 0.0, 3.0, 7.0, 1000.0, 0.0, 47.4824981689, -122.108001709, 1420.0, 16192.0, 55.0, 0.0, 0.0]",236238.66,0
305,2023-10-31 14:09:03.525,"[6.0, 4.5, 3500.0, 8504.0, 2.0, 0.0, 0.0, 3.0, 7.0, 3500.0, 0.0, 47.7349014282, -122.2949981689, 1550.0, 8460.0, 35.0, 0.0, 0.0]",637376.9,0
306,2023-10-31 14:09:03.525,"[3.0, 3.25, 1720.0, 1587.0, 2.5, 0.0, 2.0, 3.0, 9.0, 1410.0, 310.0, 47.6186981201, -122.2990036011, 1490.0, 1620.0, 11.0, 0.0, 0.0]",725184.25,0
307,2023-10-31 14:09:03.525,"[2.0, 2.0, 1300.0, 4659.0, 1.0, 0.0, 0.0, 3.0, 8.0, 1300.0, 0.0, 47.7131996155, -122.0329971313, 1640.0, 4780.0, 9.0, 0.0, 0.0]",340764.53,0
308,2023-10-31 14:09:03.525,"[4.0, 2.5, 1850.0, 8310.0, 1.0, 0.0, 0.0, 3.0, 7.0, 1200.0, 650.0, 47.7717018127, -122.2900009155, 1840.0, 10080.0, 53.0, 0.0, 0.0]",437753.28,0
309,2023-10-31 14:09:03.525,"[4.0, 2.75, 1700.0, 7495.0, 1.0, 0.0, 0.0, 4.0, 7.0, 1200.0, 500.0, 47.7588996887, -122.3539962769, 1650.0, 7495.0, 51.0, 0.0, 0.0]",437177.84,0
310,2023-10-31 14:09:03.525,"[4.0, 1.5, 1540.0, 7168.0, 1.0, 0.0, 0.0, 3.0, 7.0, 1160.0, 380.0, 47.4550018311, -122.1979980469, 1540.0, 7176.0, 51.0, 0.0, 0.0]",293808.1,0
311,2023-10-31 14:09:03.525,"[4.0, 2.5, 2420.0, 9147.0, 2.0, 0.0, 0.0, 3.0, 10.0, 2420.0, 0.0, 47.322101593, -122.3219985962, 1400.0, 7200.0, 16.0, 0.0, 0.0]",559139.4,0
312,2023-10-31 14:09:03.525,"[5.0, 2.25, 1950.0, 8086.0, 1.0, 0.0, 0.0, 3.0, 7.0, 1130.0, 820.0, 47.3179016113, -122.3310012817, 1670.0, 8550.0, 35.0, 0.0, 0.0]",312429.8,0
313,2023-10-31 14:09:03.525,"[4.0, 2.5, 1710.0, 5000.0, 1.0, 0.0, 0.0, 3.0, 8.0, 1110.0, 600.0, 47.6772003174, -122.2850036621, 1750.0, 5304.0, 36.0, 0.0, 0.0]",559631.1,0
314,2023-10-31 14:09:03.525,"[2.0, 1.0, 750.0, 4000.0, 1.0, 0.0, 0.0, 4.0, 6.0, 750.0, 0.0, 47.5546989441, -122.2720031738, 1120.0, 5038.0, 89.0, 0.0, 0.0]",435628.56,0
315,2023-10-31 14:09:03.525,"[4.0, 1.0, 1220.0, 5120.0, 1.5, 0.0, 0.0, 5.0, 6.0, 1220.0, 0.0, 47.2050018311, -121.9960021973, 1540.0, 7670.0, 75.0, 0.0, 0.0]",244351.95,0
316,2023-10-31 14:09:03.525,"[3.0, 1.0, 1100.0, 17334.0, 1.0, 0.0, 0.0, 3.0, 7.0, 1100.0, 0.0, 47.3003005981, -122.2699966431, 1530.0, 18694.0, 36.0, 0.0, 0.0]",238078.03,0
317,2023-10-31 14:09:03.525,"[2.0, 1.5, 901.0, 1245.0, 3.0, 0.0, 0.0, 3.0, 7.0, 901.0, 0.0, 47.6773986816, -122.3249969482, 1138.0, 1137.0, 13.0, 0.0, 0.0]",448627.72,0
318,2023-10-31 14:09:03.525,"[3.0, 2.0, 1080.0, 9225.0, 1.0, 0.0, 0.0, 2.0, 7.0, 1080.0, 0.0, 47.4841995239, -122.3460006714, 1410.0, 9840.0, 59.0, 0.0, 0.0]",236238.66,0
319,2023-10-31 14:09:03.525,"[3.0, 2.5, 2160.0, 8809.0, 1.0, 0.0, 0.0, 3.0, 9.0, 1540.0, 620.0, 47.6994018555, -122.3489990234, 930.0, 5420.0, 0.0, 0.0, 0.0]",726181.8,0
320,2023-10-31 14:09:03.525,"[2.0, 1.75, 1670.0, 6460.0, 1.0, 0.0, 0.0, 3.0, 8.0, 1670.0, 0.0, 47.7122993469, -122.0270004272, 2170.0, 6254.0, 10.0, 0.0, 0.0]",437177.84,0
321,2023-10-31 14:09:03.525,"[3.0, 1.75, 2050.0, 4080.0, 2.0, 0.0, 0.0, 3.0, 8.0, 2050.0, 0.0, 47.6697998047, -122.3249969482, 1890.0, 4080.0, 23.0, 0.0, 0.0]",630865.6,0
322,2023-10-31 14:09:03.525,"[3.0, 3.25, 1450.0, 1468.0, 2.0, 0.0, 0.0, 3.0, 8.0, 1100.0, 350.0, 47.5663986206, -122.3700027466, 1450.0, 1478.0, 5.0, 0.0, 0.0]",451058.2,0
323,2023-10-31 14:09:03.525,"[3.0, 1.75, 2330.0, 16300.0, 2.0, 0.0, 0.0, 3.0, 9.0, 2330.0, 0.0, 47.7037010193, -122.2399978638, 2330.0, 16300.0, 51.0, 0.0, 0.0]",920796.0,0
324,2023-10-31 14:09:03.525,"[4.0, 2.5, 2800.0, 246114.0, 2.0, 0.0, 0.0, 3.0, 9.0, 2800.0, 0.0, 47.6585998535, -121.9619979858, 2750.0, 60351.0, 15.0, 0.0, 0.0]",765468.75,0
325,2023-10-31 14:09:03.525,"[3.0, 2.5, 1730.0, 3600.0, 2.0, 0.0, 0.0, 3.0, 8.0, 1730.0, 0.0, 47.5013999939, -122.3399963379, 2030.0, 3600.0, 0.0, 0.0, 0.0]",317132.63,0
326,2023-10-31 14:09:03.525,"[6.0, 4.5, 3500.0, 8504.0, 2.0, 0.0, 0.0, 3.0, 7.0, 3500.0, 0.0, 47.7349014282, -122.2949981689, 1550.0, 8460.0, 35.0, 0.0, 0.0]",637376.9,0
327,2023-10-31 14:09:03.525,"[2.0, 2.75, 1465.0, 972.0, 2.0, 0.0, 0.0, 3.0, 7.0, 1050.0, 415.0, 47.6209983826, -122.297996521, 1480.0, 1430.0, 8.0, 0.0, 0.0]",498579.4,0
328,2023-10-31 14:09:03.525,"[3.0, 2.0, 1340.0, 4320.0, 1.0, 0.0, 0.0, 3.0, 5.0, 920.0, 420.0, 47.2989997864, -122.2279968262, 980.0, 6480.0, 102.0, 1.0, 81.0]",244380.27,0
329,2023-10-31 14:09:03.525,"[4.0, 3.25, 4240.0, 25639.0, 2.0, 0.0, 3.0, 3.0, 10.0, 3550.0, 690.0, 47.3241004944, -122.3779983521, 3590.0, 24967.0, 25.0, 0.0, 0.0]",1156651.3,0
330,2023-10-31 14:09:03.525,"[4.0, 2.5, 2610.0, 5866.0, 2.0, 0.0, 0.0, 3.0, 8.0, 2610.0, 0.0, 47.3441009521, -122.0400009155, 2480.0, 5188.0, 9.0, 0.0, 0.0]",358668.22,0
331,2023-10-31 14:09:03.525,"[6.0, 4.5, 3300.0, 7480.0, 2.0, 0.0, 0.0, 3.0, 8.0, 3300.0, 0.0, 47.679599762, -122.1039962769, 2470.0, 7561.0, 34.0, 0.0, 0.0]",725572.5,0
332,2023-10-31 14:09:03.525,"[4.0, 2.5, 2440.0, 5001.0, 2.0, 0.0, 0.0, 3.0, 8.0, 2440.0, 0.0, 47.510799408, -122.1930007935, 2260.0, 5001.0, 9.0, 0.0, 0.0]",444931.34,0
333,2023-10-31 14:09:03.525,"[3.0, 1.75, 1700.0, 8481.0, 2.0, 0.0, 0.0, 3.0, 7.0, 1700.0, 0.0, 47.262298584, -122.3050003052, 1830.0, 6600.0, 21.0, 0.0, 0.0]",290323.1,0
334,2023-10-31 14:09:03.525,"[3.0, 1.5, 1260.0, 10350.0, 1.0, 0.0, 0.0, 3.0, 7.0, 1260.0, 0.0, 47.6357002258, -122.1230010986, 1800.0, 10350.0, 55.0, 0.0, 0.0]",450867.56,0
335,2023-10-31 14:09:03.525,"[3.0, 1.5, 1180.0, 1231.0, 3.0, 0.0, 0.0, 3.0, 7.0, 1180.0, 0.0, 47.6845016479, -122.3150024414, 1280.0, 3360.0, 7.0, 0.0, 0.0]",448627.72,0
336,2023-10-31 14:09:03.525,"[3.0, 1.5, 1760.0, 4000.0, 2.0, 0.0, 0.0, 3.0, 8.0, 1760.0, 0.0, 47.6400985718, -122.3199996948, 1760.0, 4000.0, 92.0, 0.0, 0.0]",559631.1,0
337,2023-10-31 14:09:03.525,"[3.0, 1.75, 1020.0, 7020.0, 1.5, 0.0, 0.0, 4.0, 7.0, 1020.0, 0.0, 47.7361984253, -122.3140029907, 1020.0, 5871.0, 61.0, 0.0, 0.0]",340764.53,0
338,2023-10-31 14:09:03.525,"[3.0, 1.75, 1790.0, 50529.0, 1.0, 0.0, 0.0, 5.0, 7.0, 1090.0, 700.0, 47.3511009216, -122.0729980469, 1940.0, 50529.0, 50.0, 0.0, 0.0]",291904.0,0
339,2023-10-31 14:09:03.525,"[3.0, 2.5, 2430.0, 88426.0, 1.0, 0.0, 0.0, 4.0, 7.0, 1570.0, 860.0, 47.48279953, -121.7180023193, 1560.0, 56827.0, 29.0, 0.0, 0.0]",418823.4,0
340,2023-10-31 14:09:03.525,"[3.0, 2.0, 1340.0, 4320.0, 1.0, 0.0, 0.0, 3.0, 5.0, 920.0, 420.0, 47.2989997864, -122.2279968262, 980.0, 6480.0, 102.0, 1.0, 81.0]",244380.27,0
341,2023-10-31 14:09:03.525,"[3.0, 1.75, 1930.0, 10183.0, 1.0, 0.0, 0.0, 4.0, 8.0, 1480.0, 450.0, 47.5624008179, -122.1350021362, 2320.0, 10000.0, 39.0, 0.0, 0.0]",559453.0,0
342,2023-10-31 14:09:03.525,"[4.0, 3.5, 3270.0, 15704.0, 2.0, 0.0, 0.0, 3.0, 9.0, 2110.0, 1160.0, 47.6255989075, -122.0419998169, 3020.0, 8582.0, 24.0, 0.0, 0.0]",846774.8,0
343,2023-10-31 14:09:03.525,"[4.0, 3.0, 2170.0, 2500.0, 2.0, 0.0, 0.0, 3.0, 8.0, 1710.0, 460.0, 47.6741981506, -122.3030014038, 2170.0, 4080.0, 17.0, 0.0, 0.0]",675545.5,0
344,2023-10-31 14:09:03.525,"[3.0, 1.5, 1260.0, 10350.0, 1.0, 0.0, 0.0, 3.0, 7.0, 1260.0, 0.0, 47.6357002258, -122.1230010986, 1800.0, 10350.0, 55.0, 0.0, 0.0]",450867.56,0
345,2023-10-31 14:09:03.525,"[4.0, 2.5, 2009.0, 5000.0, 2.0, 0.0, 0.0, 3.0, 8.0, 2009.0, 0.0, 47.2577018738, -122.1979980469, 2009.0, 5182.0, 0.0, 0.0, 0.0]",320863.75,0
346,2023-10-31 14:09:03.525,"[4.0, 1.0, 2500.0, 35802.0, 1.5, 0.0, 0.0, 3.0, 7.0, 2500.0, 0.0, 47.6487998962, -122.1529998779, 2880.0, 40510.0, 59.0, 0.0, 0.0]",713003.44,0
347,2023-10-31 14:09:03.525,"[3.0, 2.25, 1260.0, 1488.0, 3.0, 0.0, 0.0, 3.0, 7.0, 1260.0, 0.0, 47.7070999146, -122.3359985352, 1190.0, 1095.0, 5.0, 0.0, 0.0]",340764.53,0
348,2023-10-31 14:09:03.525,"[3.0, 2.0, 1780.0, 5720.0, 1.0, 0.0, 0.0, 5.0, 7.0, 980.0, 800.0, 47.6794013977, -122.3509979248, 1620.0, 5050.0, 89.0, 0.0, 0.0]",557391.25,0
349,2023-10-31 14:09:03.525,"[5.0, 3.0, 3320.0, 5354.0, 2.0, 0.0, 0.0, 3.0, 9.0, 3320.0, 0.0, 47.6542015076, -122.3310012817, 2330.0, 4040.0, 11.0, 0.0, 0.0]",974485.25,0
350,2023-10-31 14:09:03.525,"[5.0, 3.5, 5430.0, 10327.0, 2.0, 0.0, 2.0, 3.0, 10.0, 4010.0, 1420.0, 47.5475997925, -122.1159973145, 4340.0, 10324.0, 7.0, 0.0, 0.0]",1207858.6,0
351,2023-10-31 14:09:03.525,"[3.0, 2.5, 3310.0, 5300.0, 2.0, 0.0, 2.0, 3.0, 8.0, 2440.0, 870.0, 47.5177993774, -122.388999939, 2140.0, 7500.0, 6.0, 0.0, 0.0]",480151.5,0
352,2023-10-31 14:09:03.525,"[4.0, 2.5, 2230.0, 4372.0, 2.0, 0.0, 0.0, 5.0, 8.0, 1540.0, 690.0, 47.6697998047, -122.3339996338, 2020.0, 4372.0, 79.0, 0.0, 0.0]",682284.6,0
353,2023-10-31 14:09:03.525,"[3.0, 2.5, 3310.0, 5300.0, 2.0, 0.0, 2.0, 3.0, 8.0, 2440.0, 870.0, 47.5177993774, -122.388999939, 2140.0, 7500.0, 6.0, 0.0, 0.0]",480151.5,0
354,2023-10-31 14:09:03.525,"[4.0, 2.5, 2610.0, 5866.0, 2.0, 0.0, 0.0, 3.0, 8.0, 2610.0, 0.0, 47.3441009521, -122.0400009155, 2480.0, 5188.0, 9.0, 0.0, 0.0]",358668.22,0
355,2023-10-31 14:09:03.525,"[3.0, 1.75, 1350.0, 10125.0, 1.0, 0.0, 0.0, 3.0, 8.0, 1350.0, 0.0, 47.3334007263, -122.297996521, 1520.0, 9720.0, 48.0, 0.0, 0.0]",248495.05,0
356,2023-10-31 14:09:03.525,"[4.0, 2.5, 3200.0, 6691.0, 2.0, 0.0, 0.0, 3.0, 7.0, 3200.0, 0.0, 47.3670005798, -122.03099823, 2610.0, 6510.0, 13.0, 0.0, 0.0]",383833.9,0
357,2023-10-31 14:09:03.525,"[3.0, 1.75, 1750.0, 14400.0, 1.0, 0.0, 0.0, 4.0, 7.0, 1750.0, 0.0, 47.4534988403, -122.361000061, 2030.0, 14400.0, 63.0, 0.0, 0.0]",313096.0,0
358,2023-10-31 14:09:03.525,"[3.0, 2.5, 1760.0, 5390.0, 1.0, 0.0, 0.0, 3.0, 8.0, 1760.0, 0.0, 47.3482017517, -122.0419998169, 2310.0, 5117.0, 0.0, 0.0, 0.0]",291239.75,0
359,2023-10-31 14:09:03.525,"[3.0, 1.75, 1520.0, 12282.0, 1.0, 0.0, 0.0, 3.0, 8.0, 1220.0, 300.0, 47.7515983582, -122.2990036011, 1860.0, 13500.0, 36.0, 0.0, 0.0]",424966.47,0
360,2023-10-31 14:09:03.525,"[5.0, 2.75, 2130.0, 6222.0, 1.0, 0.0, 0.0, 3.0, 7.0, 1300.0, 830.0, 47.5271987915, -122.2760009766, 2130.0, 6222.0, 23.0, 0.0, 0.0]",391460.0,0
361,2023-10-31 14:09:03.525,"[3.0, 3.0, 1330.0, 1379.0, 2.0, 0.0, 0.0, 4.0, 8.0, 1120.0, 210.0, 47.6125984192, -122.31300354, 1810.0, 1770.0, 9.0, 0.0, 0.0]",450867.56,0
362,2023-10-31 14:09:03.525,"[2.0, 1.0, 900.0, 5000.0, 1.0, 0.0, 0.0, 3.0, 7.0, 900.0, 0.0, 47.6883010864, -122.3949966431, 1280.0, 5000.0, 70.0, 0.0, 0.0]",448627.72,0
363,2023-10-31 14:09:03.525,"[3.0, 2.5, 2830.0, 3750.0, 3.0, 0.0, 0.0, 3.0, 10.0, 2830.0, 0.0, 47.679901123, -122.3850021362, 1780.0, 5000.0, 0.0, 0.0, 0.0]",937359.7,0
364,2023-10-31 14:09:03.525,"[3.0, 2.0, 1340.0, 4320.0, 1.0, 0.0, 0.0, 3.0, 5.0, 920.0, 420.0, 47.2989997864, -122.2279968262, 980.0, 6480.0, 102.0, 1.0, 81.0]",244380.27,0
365,2023-10-31 14:09:03.525,"[3.0, 2.0, 1460.0, 2610.0, 2.0, 0.0, 0.0, 3.0, 8.0, 1460.0, 0.0, 47.6864013672, -122.3450012207, 1320.0, 3000.0, 27.0, 0.0, 0.0]",498579.4,0
366,2023-10-31 14:09:03.525,"[4.0, 2.5, 2160.0, 10987.0, 1.0, 0.0, 0.0, 4.0, 8.0, 1440.0, 720.0, 47.6333007812, -122.033996582, 1280.0, 11617.0, 34.0, 1.0, 22.0]",673288.6,0
367,2023-10-31 14:09:03.525,"[3.0, 1.75, 2140.0, 13260.0, 1.0, 0.0, 0.0, 3.0, 7.0, 1240.0, 900.0, 47.5074005127, -122.3529968262, 1640.0, 13260.0, 66.0, 0.0, 0.0]",388243.13,0
368,2023-10-31 14:09:03.525,"[3.0, 1.5, 1780.0, 16000.0, 1.0, 0.0, 0.0, 2.0, 7.0, 1240.0, 540.0, 47.4189987183, -122.3219985962, 1860.0, 9775.0, 54.0, 0.0, 0.0]",308049.63,0
369,2023-10-31 14:09:03.525,"[3.0, 1.0, 1670.0, 4005.0, 1.5, 0.0, 0.0, 4.0, 7.0, 1170.0, 500.0, 47.6878013611, -122.3799972534, 1240.0, 4005.0, 75.0, 0.0, 0.0]",557391.25,0
370,2023-10-31 14:09:03.525,"[4.0, 1.75, 2350.0, 18800.0, 1.0, 0.0, 2.0, 3.0, 8.0, 2350.0, 0.0, 47.5904006958, -122.1770019531, 3050.0, 14640.0, 55.0, 0.0, 0.0]",718588.94,0
371,2023-10-31 14:09:03.525,"[4.0, 1.75, 1920.0, 7500.0, 1.0, 0.0, 0.0, 4.0, 7.0, 1920.0, 0.0, 47.4221992493, -122.3180007935, 1490.0, 8000.0, 52.0, 0.0, 0.0]",303936.84,0
372,2023-10-31 14:09:03.525,"[4.0, 2.5, 2160.0, 10987.0, 1.0, 0.0, 0.0, 4.0, 8.0, 1440.0, 720.0, 47.6333007812, -122.033996582, 1280.0, 11617.0, 34.0, 1.0, 22.0]",673288.6,0
373,2023-10-31 14:09:03.525,"[3.0, 2.0, 2330.0, 4950.0, 1.5, 0.0, 0.0, 3.0, 6.0, 1430.0, 900.0, 47.5584983826, -122.2900009155, 1160.0, 5115.0, 114.0, 0.0, 0.0]",689450.4,0
374,2023-10-31 14:09:03.525,"[4.0, 2.5, 2800.0, 12831.0, 2.0, 0.0, 0.0, 3.0, 8.0, 2800.0, 0.0, 47.739200592, -121.966003418, 2810.0, 10235.0, 13.0, 0.0, 0.0]",536371.25,0
375,2023-10-31 14:09:03.525,"[4.0, 2.5, 3130.0, 13202.0, 2.0, 0.0, 0.0, 3.0, 10.0, 3130.0, 0.0, 47.5877990723, -121.9759979248, 2840.0, 10470.0, 19.0, 0.0, 0.0]",879083.4,0
376,2023-10-31 14:09:03.525,"[3.0, 1.75, 1900.0, 5520.0, 1.0, 0.0, 0.0, 3.0, 7.0, 1280.0, 620.0, 47.554901123, -122.2919998169, 1330.0, 5196.0, 32.0, 0.0, 0.0]",551223.5,0
377,2023-10-31 14:09:03.525,"[4.0, 1.75, 2320.0, 9240.0, 1.0, 0.0, 0.0, 3.0, 7.0, 1160.0, 1160.0, 47.4908981323, -122.2570037842, 2130.0, 7320.0, 55.0, 1.0, 55.0]",404676.13,0
378,2023-10-31 14:09:03.525,"[4.0, 2.75, 2020.0, 7070.0, 1.0, 0.0, 0.0, 5.0, 7.0, 1010.0, 1010.0, 47.520198822, -122.3779983521, 1390.0, 6000.0, 56.0, 0.0, 0.0]",379752.22,0
379,2023-10-31 14:09:03.525,"[3.0, 2.25, 1790.0, 11393.0, 1.0, 0.0, 0.0, 3.0, 8.0, 1790.0, 0.0, 47.629699707, -122.0989990234, 2290.0, 11894.0, 36.0, 0.0, 0.0]",559631.1,0
380,2023-10-31 14:09:03.525,"[4.0, 2.5, 1960.0, 7230.0, 2.0, 0.0, 0.0, 3.0, 8.0, 1960.0, 0.0, 47.2854995728, -122.3600006104, 1850.0, 7208.0, 12.0, 0.0, 0.0]",317765.66,0
381,2023-10-31 14:09:03.525,"[3.0, 2.75, 2600.0, 12860.0, 1.0, 0.0, 0.0, 3.0, 7.0, 1350.0, 1250.0, 47.6949996948, -121.9179992676, 2260.0, 12954.0, 49.0, 0.0, 0.0]",703282.6,0
382,2023-10-31 14:09:03.525,"[2.0, 1.0, 1450.0, 4500.0, 1.5, 0.0, 0.0, 4.0, 7.0, 1450.0, 0.0, 47.6739006042, -122.3960037231, 1470.0, 5000.0, 93.0, 0.0, 0.0]",464057.34,0
383,2023-10-31 14:09:03.525,"[2.0, 1.0, 1450.0, 4500.0, 1.5, 0.0, 0.0, 4.0, 7.0, 1450.0, 0.0, 47.6739006042, -122.3960037231, 1470.0, 5000.0, 93.0, 0.0, 0.0]",464057.34,0
384,2023-10-31 14:09:03.525,"[4.0, 2.5, 3450.0, 35100.0, 2.0, 0.0, 0.0, 3.0, 10.0, 3450.0, 0.0, 47.7302017212, -122.1060028076, 3110.0, 35894.0, 27.0, 0.0, 0.0]",921695.2,0
385,2023-10-31 14:09:03.525,"[3.0, 1.0, 1530.0, 4944.0, 1.0, 0.0, 0.0, 3.0, 7.0, 1530.0, 0.0, 47.6856994629, -122.341003418, 1500.0, 4944.0, 64.0, 0.0, 0.0]",550275.1,0
386,2023-10-31 14:09:03.525,"[4.0, 2.5, 2009.0, 5000.0, 2.0, 0.0, 0.0, 3.0, 8.0, 2009.0, 0.0, 47.2577018738, -122.1979980469, 2009.0, 5182.0, 0.0, 0.0, 0.0]",320863.75,0
387,2023-10-31 14:09:03.525,"[2.0, 1.0, 1450.0, 4500.0, 1.5, 0.0, 0.0, 4.0, 7.0, 1450.0, 0.0, 47.6739006042, -122.3960037231, 1470.0, 5000.0, 93.0, 0.0, 0.0]",464057.34,0
388,2023-10-31 14:09:03.525,"[6.0, 2.75, 3500.0, 5150.0, 2.0, 0.0, 0.0, 5.0, 8.0, 2430.0, 1070.0, 47.6842002869, -122.3629989624, 1430.0, 3860.0, 105.0, 0.0, 0.0]",784103.56,0
389,2023-10-31 14:09:03.525,"[4.0, 2.5, 2160.0, 5298.0, 2.5, 0.0, 0.0, 4.0, 9.0, 2160.0, 0.0, 47.6105995178, -122.3099975586, 1720.0, 2283.0, 112.0, 0.0, 0.0]",904378.75,0
390,2023-10-31 14:09:03.525,"[3.0, 1.5, 1590.0, 21600.0, 1.5, 0.0, 0.0, 4.0, 7.0, 1590.0, 0.0, 47.2159004211, -121.966003418, 1780.0, 21600.0, 44.0, 0.0, 0.0]",283759.94,0
391,2023-10-31 14:09:03.525,"[3.0, 2.5, 2570.0, 10431.0, 2.0, 0.0, 0.0, 3.0, 9.0, 2570.0, 0.0, 47.418800354, -122.2129974365, 2590.0, 10078.0, 25.0, 0.0, 0.0]",482485.7,0
392,2023-10-31 14:09:03.525,"[5.0, 3.25, 5790.0, 13726.0, 2.0, 0.0, 3.0, 3.0, 10.0, 4430.0, 1360.0, 47.5387992859, -122.1139984131, 5790.0, 13726.0, 0.0, 0.0, 0.0]",1189654.4,0
393,2023-10-31 14:09:03.525,"[5.0, 2.0, 3540.0, 9970.0, 2.0, 0.0, 3.0, 3.0, 9.0, 3540.0, 0.0, 47.7108001709, -122.2770004272, 2280.0, 7195.0, 44.0, 0.0, 0.0]",1085835.8,0
394,2023-10-31 14:09:03.525,"[3.0, 2.5, 2430.0, 88426.0, 1.0, 0.0, 0.0, 4.0, 7.0, 1570.0, 860.0, 47.48279953, -121.7180023193, 1560.0, 56827.0, 29.0, 0.0, 0.0]",418823.4,0
395,2023-10-31 14:09:03.525,"[4.0, 3.5, 3420.0, 33106.0, 2.0, 0.0, 0.0, 3.0, 9.0, 3420.0, 0.0, 47.3554000854, -121.986000061, 3420.0, 36590.0, 10.0, 0.0, 0.0]",539867.1,0
396,2023-10-31 14:09:03.525,"[3.0, 2.25, 1590.0, 11745.0, 1.0, 0.0, 0.0, 3.0, 7.0, 1090.0, 500.0, 47.3553009033, -122.2799987793, 1540.0, 12530.0, 36.0, 0.0, 0.0]",276046.53,0
397,2023-10-31 14:09:03.525,"[4.0, 2.5, 2440.0, 3600.0, 2.5, 0.0, 0.0, 4.0, 8.0, 2440.0, 0.0, 47.6297988892, -122.3619995117, 2440.0, 5440.0, 112.0, 0.0, 0.0]",713979.0,0
398,2023-10-31 14:09:03.525,"[3.0, 2.5, 1740.0, 30886.0, 2.0, 0.0, 0.0, 3.0, 8.0, 1740.0, 0.0, 47.4599990845, -121.7070007324, 1740.0, 39133.0, 22.0, 0.0, 0.0]",306037.63,0
399,2023-10-31 14:09:03.525,"[1.0, 0.75, 770.0, 4600.0, 1.0, 0.0, 0.0, 4.0, 6.0, 770.0, 0.0, 47.5564994812, -122.3769989014, 1550.0, 4600.0, 104.0, 0.0, 0.0]",435628.56,0
400,2023-10-31 14:09:03.525,"[2.0, 1.0, 1010.0, 4000.0, 1.0, 0.0, 0.0, 3.0, 6.0, 1010.0, 0.0, 47.5536003113, -122.266998291, 1040.0, 4000.0, 103.0, 0.0, 0.0]",435628.56,0
401,2023-10-31 14:09:03.525,"[4.0, 2.5, 2440.0, 3600.0, 2.5, 0.0, 0.0, 4.0, 8.0, 2440.0, 0.0, 47.6297988892, -122.3619995117, 2440.0, 5440.0, 112.0, 0.0, 0.0]",713979.0,0
402,2023-10-31 14:09:03.525,"[5.0, 2.75, 2730.0, 5820.0, 2.0, 0.0, 0.0, 3.0, 8.0, 2730.0, 0.0, 47.4855995178, -122.1539993286, 2730.0, 5700.0, 0.0, 0.0, 0.0]",457449.13,0
403,2023-10-31 14:09:03.525,"[4.0, 1.5, 1860.0, 12197.0, 1.0, 0.0, 0.0, 3.0, 7.0, 1860.0, 0.0, 47.7290000916, -122.2350006104, 1510.0, 11761.0, 50.0, 0.0, 0.0]",438514.13,0
404,2023-10-31 14:09:03.525,"[3.0, 2.25, 2060.0, 7080.0, 2.0, 0.0, 0.0, 3.0, 9.0, 1800.0, 260.0, 47.6455001831, -122.408996582, 3070.0, 7500.0, 75.0, 0.0, 0.0]",904204.2,0
405,2023-10-31 14:09:03.525,"[3.0, 4.0, 2080.0, 2250.0, 3.0, 0.0, 4.0, 3.0, 8.0, 2080.0, 0.0, 47.6598014832, -122.3550033569, 2080.0, 2250.0, 17.0, 0.0, 0.0]",656923.5,0
406,2023-10-31 14:09:03.525,"[5.0, 2.5, 2030.0, 8400.0, 1.0, 0.0, 0.0, 3.0, 7.0, 1330.0, 700.0, 47.6712989807, -122.1520004272, 1920.0, 8400.0, 47.0, 0.0, 0.0]",595497.4,0
407,2023-10-31 14:09:03.525,"[4.0, 2.5, 1980.0, 5909.0, 2.0, 0.0, 0.0, 3.0, 8.0, 1980.0, 0.0, 47.3913002014, -122.1849975586, 2550.0, 5487.0, 11.0, 0.0, 0.0]",324875.06,0
408,2023-10-31 14:09:03.525,"[2.0, 2.0, 1350.0, 2560.0, 1.0, 0.0, 0.0, 4.0, 8.0, 1350.0, 0.0, 47.6338005066, -122.1060028076, 1800.0, 2560.0, 41.0, 0.0, 0.0]",450867.56,0
409,2023-10-31 14:09:03.525,"[4.0, 2.75, 2400.0, 3844.0, 1.0, 0.0, 0.0, 5.0, 7.0, 1200.0, 1200.0, 47.7027015686, -122.3470001221, 1100.0, 3844.0, 40.0, 0.0, 0.0]",712309.9,0
410,2023-10-31 14:09:03.525,"[4.0, 2.75, 4020.0, 18745.0, 2.0, 0.0, 4.0, 4.0, 10.0, 2830.0, 1190.0, 47.6041984558, -122.2099990845, 3150.0, 20897.0, 26.0, 0.0, 0.0]",1322835.9,0
411,2023-10-31 14:09:03.525,"[3.0, 1.75, 1790.0, 50529.0, 1.0, 0.0, 0.0, 5.0, 7.0, 1090.0, 700.0, 47.3511009216, -122.0729980469, 1940.0, 50529.0, 50.0, 0.0, 0.0]",291904.0,0
412,2023-10-31 14:09:03.525,"[3.0, 2.25, 1260.0, 1488.0, 3.0, 0.0, 0.0, 3.0, 7.0, 1260.0, 0.0, 47.7070999146, -122.3359985352, 1190.0, 1095.0, 5.0, 0.0, 0.0]",340764.53,0
413,2023-10-31 14:09:03.525,"[4.0, 2.5, 2440.0, 5001.0, 2.0, 0.0, 0.0, 3.0, 8.0, 2440.0, 0.0, 47.510799408, -122.1930007935, 2260.0, 5001.0, 9.0, 0.0, 0.0]",444931.34,0
414,2023-10-31 14:09:03.525,"[2.0, 2.0, 1870.0, 4751.0, 1.0, 0.0, 0.0, 3.0, 8.0, 1870.0, 0.0, 47.7081985474, -122.0149993896, 2170.0, 5580.0, 8.0, 0.0, 0.0]",451035.7,0
415,2023-10-31 14:09:03.525,"[3.0, 2.5, 1800.0, 4357.0, 2.0, 0.0, 0.0, 3.0, 8.0, 1800.0, 0.0, 47.5336990356, -121.841003418, 1800.0, 3663.0, 2.0, 0.0, 0.0]",450996.25,0
416,2023-10-31 14:09:03.525,"[4.0, 2.75, 2330.0, 7642.0, 1.0, 0.0, 0.0, 3.0, 8.0, 1800.0, 530.0, 47.2946014404, -122.3700027466, 2320.0, 7933.0, 24.0, 0.0, 0.0]",348323.94,0
417,2023-10-31 14:09:03.525,"[2.0, 1.0, 1410.0, 5101.0, 1.5, 0.0, 0.0, 3.0, 8.0, 1410.0, 0.0, 47.6871986389, -122.3330001831, 1410.0, 4224.0, 87.0, 0.0, 0.0]",450928.88,0
418,2023-10-31 14:09:03.525,"[3.0, 1.75, 2350.0, 20820.0, 1.0, 0.0, 0.0, 4.0, 8.0, 1800.0, 550.0, 47.609500885, -122.0589981079, 2040.0, 10800.0, 36.0, 0.0, 0.0]",700294.2,0
419,2023-10-31 14:09:03.525,"[3.0, 1.0, 1100.0, 5400.0, 1.5, 0.0, 0.0, 3.0, 7.0, 1100.0, 0.0, 47.6604003906, -122.3960037231, 1770.0, 4400.0, 106.0, 0.0, 0.0]",450867.56,0
420,2023-10-31 14:09:03.525,"[4.0, 2.5, 2630.0, 5701.0, 2.0, 0.0, 0.0, 3.0, 7.0, 2630.0, 0.0, 47.375, -122.1600036621, 2770.0, 5939.0, 4.0, 0.0, 0.0]",368504.28,0
421,2023-10-31 14:09:03.525,"[3.0, 2.0, 1340.0, 4320.0, 1.0, 0.0, 0.0, 3.0, 5.0, 920.0, 420.0, 47.2989997864, -122.2279968262, 980.0, 6480.0, 102.0, 1.0, 81.0]",244380.27,0
422,2023-10-31 14:09:03.525,"[3.0, 1.0, 1670.0, 4005.0, 1.5, 0.0, 0.0, 4.0, 7.0, 1170.0, 500.0, 47.6878013611, -122.3799972534, 1240.0, 4005.0, 75.0, 0.0, 0.0]",557391.25,0
423,2023-10-31 14:09:03.525,"[4.0, 2.75, 3010.0, 7215.0, 2.0, 0.0, 0.0, 3.0, 9.0, 3010.0, 0.0, 47.6952018738, -122.1780014038, 3010.0, 7215.0, 0.0, 0.0, 0.0]",795841.06,0
424,2023-10-31 14:09:03.525,"[3.0, 2.5, 1520.0, 4170.0, 2.0, 0.0, 0.0, 3.0, 7.0, 1520.0, 0.0, 47.3842010498, -122.0400009155, 1560.0, 4237.0, 10.0, 0.0, 0.0]",261886.92,0
425,2023-10-31 14:09:03.525,"[4.0, 1.75, 2320.0, 9240.0, 1.0, 0.0, 0.0, 3.0, 7.0, 1160.0, 1160.0, 47.4908981323, -122.2570037842, 2130.0, 7320.0, 55.0, 1.0, 55.0]",404676.13,0
426,2023-10-31 14:09:03.525,"[4.0, 1.75, 2320.0, 9240.0, 1.0, 0.0, 0.0, 3.0, 7.0, 1160.0, 1160.0, 47.4908981323, -122.2570037842, 2130.0, 7320.0, 55.0, 1.0, 55.0]",404676.13,0
427,2023-10-31 14:09:03.525,"[1.0, 1.0, 1090.0, 32010.0, 1.0, 0.0, 0.0, 4.0, 6.0, 1090.0, 0.0, 47.6927986145, -121.8700027466, 1870.0, 25346.0, 56.0, 0.0, 0.0]",444407.9,0
428,2023-10-31 14:09:03.525,"[4.0, 2.25, 1920.0, 8259.0, 2.0, 0.0, 0.0, 4.0, 8.0, 1920.0, 0.0, 47.5615997314, -122.0879974365, 2030.0, 8910.0, 35.0, 0.0, 0.0]",553463.4,0
429,2023-10-31 14:09:03.525,"[1.0, 1.0, 930.0, 7129.0, 1.0, 0.0, 0.0, 3.0, 6.0, 930.0, 0.0, 47.723400116, -122.3330001831, 1300.0, 8075.0, 66.0, 0.0, 0.0]",340764.53,0
430,2023-10-31 14:09:03.525,"[3.0, 1.75, 1350.0, 10125.0, 1.0, 0.0, 0.0, 3.0, 8.0, 1350.0, 0.0, 47.3334007263, -122.297996521, 1520.0, 9720.0, 48.0, 0.0, 0.0]",248495.05,0
431,2023-10-31 14:09:03.525,"[3.0, 1.75, 1520.0, 12282.0, 1.0, 0.0, 0.0, 3.0, 8.0, 1220.0, 300.0, 47.7515983582, -122.2990036011, 1860.0, 13500.0, 36.0, 0.0, 0.0]",424966.47,0
432,2023-10-31 14:09:03.525,"[2.0, 1.0, 1340.0, 7788.0, 1.0, 0.0, 2.0, 3.0, 7.0, 1340.0, 0.0, 47.5093994141, -122.2440032959, 2550.0, 7788.0, 67.0, 0.0, 0.0]",278475.66,0
433,2023-10-31 14:09:03.525,"[4.0, 2.5, 3190.0, 24170.0, 2.0, 0.0, 0.0, 3.0, 10.0, 3190.0, 0.0, 47.6208992004, -122.0520019531, 2110.0, 26321.0, 13.0, 0.0, 0.0]",886958.44,0
434,2023-10-31 14:09:03.525,"[4.0, 2.0, 2280.0, 8339.0, 1.0, 0.0, 0.0, 4.0, 7.0, 1220.0, 1060.0, 47.698600769, -122.2969970703, 1970.0, 8340.0, 61.0, 0.0, 0.0]",665791.5,0
435,2023-10-31 14:09:03.525,"[4.0, 2.5, 2130.0, 9100.0, 1.0, 0.0, 0.0, 3.0, 8.0, 1290.0, 840.0, 47.3815002441, -122.1689987183, 1770.0, 7700.0, 36.0, 0.0, 0.0]",334257.7,0
436,2023-10-31 14:09:03.525,"[3.0, 1.75, 1120.0, 4000.0, 1.0, 0.0, 0.0, 4.0, 7.0, 870.0, 250.0, 47.6683998108, -122.3679962158, 1470.0, 4000.0, 98.0, 0.0, 0.0]",448627.72,0
437,2023-10-31 14:09:03.525,"[4.0, 2.5, 2810.0, 6481.0, 2.0, 0.0, 0.0, 3.0, 9.0, 2810.0, 0.0, 47.3330001831, -122.1719970703, 2660.0, 6958.0, 17.0, 0.0, 0.0]",475271.03,0
438,2023-10-31 14:09:03.525,"[3.0, 3.0, 2230.0, 12968.0, 2.0, 0.0, 0.0, 3.0, 9.0, 2230.0, 0.0, 47.6271018982, -122.1969985962, 2260.0, 10160.0, 25.0, 0.0, 0.0]",757403.44,0
439,2023-10-31 14:09:03.525,"[3.0, 2.5, 2520.0, 53143.0, 1.5, 0.0, 0.0, 3.0, 7.0, 2520.0, 0.0, 47.7430000305, -121.9250030518, 2020.0, 56628.0, 26.0, 0.0, 0.0]",530288.94,0
440,2023-10-31 14:09:03.525,"[4.0, 2.75, 2450.0, 15002.0, 1.0, 0.0, 0.0, 5.0, 9.0, 2450.0, 0.0, 47.4267997742, -122.3430023193, 2650.0, 15055.0, 40.0, 0.0, 0.0]",508746.75,0
441,2023-10-31 14:09:03.525,"[3.0, 2.5, 1600.0, 2231.0, 2.0, 0.0, 0.0, 3.0, 7.0, 1600.0, 0.0, 47.331401825, -122.2900009155, 1600.0, 2962.0, 11.0, 0.0, 0.0]",277145.7,0
442,2023-10-31 14:09:03.525,"[5.0, 2.5, 2720.0, 5000.0, 1.5, 0.0, 0.0, 4.0, 7.0, 1530.0, 1190.0, 47.6827011108, -122.3759994507, 1210.0, 5000.0, 75.0, 0.0, 0.0]",718445.6,0
443,2023-10-31 14:09:03.525,"[2.0, 1.0, 770.0, 5040.0, 1.0, 0.0, 0.0, 3.0, 5.0, 770.0, 0.0, 47.5964012146, -122.2990036011, 1330.0, 2580.0, 85.0, 0.0, 0.0]",448627.72,0
444,2023-10-31 14:09:03.525,"[5.0, 3.5, 3450.0, 28324.0, 1.0, 0.0, 0.0, 5.0, 8.0, 2350.0, 1100.0, 47.6991004944, -122.1959991455, 2640.0, 14978.0, 42.0, 0.0, 0.0]",782434.44,0
445,2023-10-31 14:09:03.525,"[2.0, 1.0, 810.0, 4080.0, 1.0, 0.0, 0.0, 4.0, 6.0, 810.0, 0.0, 47.5336990356, -122.3789978027, 1400.0, 4080.0, 73.0, 0.0, 0.0]",375011.84,0
446,2023-10-31 14:09:03.525,"[3.0, 2.0, 2320.0, 9420.0, 1.0, 0.0, 0.0, 5.0, 7.0, 2320.0, 0.0, 47.5133018494, -122.1959991455, 2030.0, 9420.0, 62.0, 0.0, 0.0]",413013.4,0
447,2023-10-31 14:09:03.525,"[4.0, 3.25, 3940.0, 27591.0, 2.0, 0.0, 3.0, 3.0, 9.0, 3440.0, 500.0, 47.5157012939, -122.1159973145, 3420.0, 29170.0, 14.0, 0.0, 0.0]",736751.25,0
448,2023-10-31 14:09:03.525,"[4.0, 3.0, 2570.0, 4000.0, 2.0, 0.0, 0.0, 3.0, 8.0, 1750.0, 820.0, 47.6743011475, -122.31300354, 1970.0, 4000.0, 105.0, 1.0, 105.0]",713979.0,0
449,2023-10-31 14:09:03.525,"[4.0, 3.5, 3660.0, 4903.0, 2.0, 0.0, 0.0, 3.0, 9.0, 2760.0, 900.0, 47.7183990479, -122.15599823, 3630.0, 4992.0, 0.0, 0.0, 0.0]",873848.25,0
450,2023-10-31 14:09:03.525,"[3.0, 1.75, 2180.0, 7700.0, 1.0, 0.0, 0.0, 3.0, 8.0, 1480.0, 700.0, 47.7593994141, -122.361000061, 2180.0, 7604.0, 53.0, 0.0, 0.0]",516278.66,0
451,2023-10-31 14:09:03.525,"[1.0, 1.0, 1230.0, 3774.0, 1.0, 0.0, 0.0, 4.0, 6.0, 830.0, 400.0, 47.6885986328, -122.3539962769, 1300.0, 3774.0, 90.0, 0.0, 0.0]",448627.72,0
452,2023-10-31 14:09:03.525,"[4.0, 3.0, 2570.0, 4000.0, 2.0, 0.0, 0.0, 3.0, 8.0, 1750.0, 820.0, 47.6743011475, -122.31300354, 1970.0, 4000.0, 105.0, 1.0, 105.0]",713979.0,0
453,2023-10-31 14:09:03.525,"[4.0, 2.25, 2580.0, 7344.0, 2.0, 0.0, 0.0, 3.0, 8.0, 2580.0, 0.0, 47.5647010803, -122.0899963379, 2390.0, 7507.0, 37.0, 0.0, 0.0]",701940.7,0
454,2023-10-31 14:09:03.525,"[4.0, 4.0, 2790.0, 16117.0, 2.0, 0.0, 0.0, 4.0, 9.0, 2790.0, 0.0, 47.6032981873, -122.1549987793, 2740.0, 25369.0, 15.0, 0.0, 0.0]",765468.75,0
455,2023-10-31 14:09:03.525,"[3.0, 2.0, 2005.0, 7000.0, 1.0, 0.0, 0.0, 3.0, 7.0, 1605.0, 400.0, 47.6039009094, -122.297996521, 1750.0, 4500.0, 34.0, 0.0, 0.0]",581003.0,0
456,2023-10-31 14:09:03.525,"[2.0, 1.0, 1340.0, 7788.0, 1.0, 0.0, 2.0, 3.0, 7.0, 1340.0, 0.0, 47.5093994141, -122.2440032959, 2550.0, 7788.0, 67.0, 0.0, 0.0]",278475.66,0
457,2023-10-31 14:09:03.525,"[5.0, 2.75, 3460.0, 7977.0, 2.0, 0.0, 0.0, 3.0, 9.0, 3460.0, 0.0, 47.590801239, -122.06199646, 3390.0, 6630.0, 3.0, 0.0, 0.0]",879092.7,0
458,2023-10-31 14:09:03.525,"[2.0, 2.0, 1390.0, 1302.0, 2.0, 0.0, 0.0, 3.0, 7.0, 1390.0, 0.0, 47.3088989258, -122.3300018311, 1390.0, 1302.0, 28.0, 0.0, 0.0]",249227.8,0
459,2023-10-31 14:09:03.525,"[4.0, 3.25, 3940.0, 27591.0, 2.0, 0.0, 3.0, 3.0, 9.0, 3440.0, 500.0, 47.5157012939, -122.1159973145, 3420.0, 29170.0, 14.0, 0.0, 0.0]",736751.25,0
460,2023-10-31 14:09:03.525,"[4.0, 2.5, 2160.0, 10987.0, 1.0, 0.0, 0.0, 4.0, 8.0, 1440.0, 720.0, 47.6333007812, -122.033996582, 1280.0, 11617.0, 34.0, 1.0, 22.0]",673288.6,0
461,2023-10-31 14:09:03.525,"[4.0, 4.0, 2790.0, 16117.0, 2.0, 0.0, 0.0, 4.0, 9.0, 2790.0, 0.0, 47.6032981873, -122.1549987793, 2740.0, 25369.0, 15.0, 0.0, 0.0]",765468.75,0
462,2023-10-31 14:09:03.525,"[1.0, 1.0, 930.0, 7129.0, 1.0, 0.0, 0.0, 3.0, 6.0, 930.0, 0.0, 47.723400116, -122.3330001831, 1300.0, 8075.0, 66.0, 0.0, 0.0]",340764.53,0
463,2023-10-31 14:09:03.525,"[3.0, 1.0, 1120.0, 7250.0, 1.0, 0.0, 0.0, 4.0, 7.0, 1120.0, 0.0, 47.7142982483, -122.2109985352, 1340.0, 7302.0, 42.0, 0.0, 0.0]",340764.53,0
464,2023-10-31 14:09:03.525,"[4.0, 3.5, 3450.0, 7832.0, 2.0, 0.0, 0.0, 3.0, 10.0, 3450.0, 0.0, 47.5637016296, -122.1230010986, 3220.0, 8567.0, 7.0, 0.0, 0.0]",921695.2,0
465,2023-10-31 14:09:03.525,"[2.0, 1.0, 810.0, 5100.0, 1.0, 0.0, 0.0, 3.0, 6.0, 810.0, 0.0, 47.7317008972, -122.3430023193, 1500.0, 5100.0, 59.0, 0.0, 0.0]",340764.53,0
466,2023-10-31 14:09:03.525,"[3.0, 3.0, 1330.0, 1379.0, 2.0, 0.0, 0.0, 4.0, 8.0, 1120.0, 210.0, 47.6125984192, -122.31300354, 1810.0, 1770.0, 9.0, 0.0, 0.0]",450867.56,0
467,2023-10-31 14:09:03.525,"[4.0, 2.0, 1580.0, 9600.0, 1.0, 0.0, 0.0, 5.0, 7.0, 1050.0, 530.0, 47.4090995789, -122.31300354, 1710.0, 9600.0, 49.0, 0.0, 0.0]",281058.72,0
468,2023-10-31 14:09:03.525,"[3.0, 1.75, 1520.0, 12282.0, 1.0, 0.0, 0.0, 3.0, 8.0, 1220.0, 300.0, 47.7515983582, -122.2990036011, 1860.0, 13500.0, 36.0, 0.0, 0.0]",424966.47,0
469,2023-10-31 14:09:03.525,"[3.0, 3.0, 1330.0, 1379.0, 2.0, 0.0, 0.0, 4.0, 8.0, 1120.0, 210.0, 47.6125984192, -122.31300354, 1810.0, 1770.0, 9.0, 0.0, 0.0]",450867.56,0
470,2023-10-31 14:09:03.525,"[3.0, 2.5, 1710.0, 1664.0, 2.0, 0.0, 0.0, 5.0, 8.0, 1300.0, 410.0, 47.6455993652, -122.3830032349, 1470.0, 5400.0, 11.0, 0.0, 0.0]",557391.25,0
471,2023-10-31 14:09:03.525,"[4.0, 2.5, 2930.0, 7806.0, 2.0, 0.0, 0.0, 3.0, 9.0, 2930.0, 0.0, 47.6218986511, -122.0240020752, 2600.0, 6051.0, 9.0, 0.0, 0.0]",779809.94,0
472,2023-10-31 14:09:03.525,"[4.0, 2.5, 2570.0, 6466.0, 2.0, 0.0, 0.0, 3.0, 9.0, 2570.0, 0.0, 47.3324012756, -122.1699981689, 2520.0, 6667.0, 15.0, 0.0, 0.0]",464060.2,0
473,2023-10-31 14:09:03.525,"[3.0, 1.75, 1850.0, 8667.0, 1.0, 0.0, 0.0, 4.0, 7.0, 880.0, 970.0, 47.7024993896, -122.1979980469, 1450.0, 10530.0, 32.0, 0.0, 0.0]",467484.22,0
474,2023-10-31 14:09:03.525,"[2.0, 1.0, 910.0, 6490.0, 1.0, 0.0, 0.0, 3.0, 7.0, 910.0, 0.0, 47.689201355, -122.3059997559, 1040.0, 6490.0, 72.0, 0.0, 0.0]",448627.72,0
475,2023-10-31 14:09:03.525,"[4.0, 2.0, 1870.0, 6000.0, 1.5, 0.0, 0.0, 3.0, 7.0, 1870.0, 0.0, 47.7154998779, -122.3150024414, 1520.0, 7169.0, 58.0, 0.0, 0.0]",442856.3,0
476,2023-10-31 14:09:03.525,"[4.0, 2.5, 3200.0, 6691.0, 2.0, 0.0, 0.0, 3.0, 7.0, 3200.0, 0.0, 47.3670005798, -122.03099823, 2610.0, 6510.0, 13.0, 0.0, 0.0]",383833.9,0
477,2023-10-31 14:09:03.525,"[3.0, 1.75, 1720.0, 4050.0, 1.0, 0.0, 0.0, 5.0, 7.0, 860.0, 860.0, 47.6781997681, -122.3140029907, 1720.0, 4410.0, 108.0, 0.0, 0.0]",559631.1,0
478,2023-10-31 14:09:03.525,"[2.0, 2.5, 1900.0, 5065.0, 2.0, 0.0, 0.0, 3.0, 8.0, 1900.0, 0.0, 47.7174987793, -122.033996582, 1350.0, 4664.0, 10.0, 0.0, 0.0]",441512.56,0
479,2023-10-31 14:09:03.525,"[3.0, 2.5, 2690.0, 7000.0, 2.0, 0.0, 0.0, 5.0, 7.0, 1840.0, 850.0, 47.6783981323, -122.2770004272, 1800.0, 6435.0, 71.0, 0.0, 0.0]",718445.6,0
480,2023-10-31 14:09:03.525,"[3.0, 1.0, 1000.0, 16376.0, 1.0, 0.0, 0.0, 3.0, 7.0, 1000.0, 0.0, 47.4824981689, -122.108001709, 1420.0, 16192.0, 55.0, 0.0, 0.0]",236238.66,0
481,2023-10-31 14:09:03.525,"[6.0, 2.5, 3180.0, 9375.0, 1.0, 0.0, 0.0, 4.0, 8.0, 1590.0, 1590.0, 47.5707015991, -122.1289978027, 2670.0, 9625.0, 47.0, 0.0, 0.0]",725875.9,0
482,2023-10-31 14:09:03.525,"[2.0, 1.0, 1290.0, 3140.0, 2.0, 0.0, 0.0, 3.0, 7.0, 1290.0, 0.0, 47.697101593, -122.0260009766, 1290.0, 2628.0, 6.0, 0.0, 0.0]",400561.06,0
483,2023-10-31 14:09:03.525,"[3.0, 1.75, 1050.0, 9871.0, 1.0, 0.0, 0.0, 5.0, 7.0, 1050.0, 0.0, 47.3815994263, -122.0869979858, 1300.0, 10794.0, 46.0, 0.0, 0.0]",236238.66,0
484,2023-10-31 14:09:03.525,"[3.0, 2.5, 2160.0, 8809.0, 1.0, 0.0, 0.0, 3.0, 9.0, 1540.0, 620.0, 47.6994018555, -122.3489990234, 930.0, 5420.0, 0.0, 0.0, 0.0]",726181.8,0
485,2023-10-31 14:09:03.525,"[2.0, 1.5, 901.0, 1245.0, 3.0, 0.0, 0.0, 3.0, 7.0, 901.0, 0.0, 47.6773986816, -122.3249969482, 1138.0, 1137.0, 13.0, 0.0, 0.0]",448627.72,0
486,2023-10-31 14:09:03.525,"[4.0, 1.5, 3520.0, 4933.0, 1.5, 0.0, 0.0, 4.0, 8.0, 2270.0, 1250.0, 47.5654983521, -122.3150024414, 1710.0, 5400.0, 86.0, 0.0, 0.0]",784103.56,0
487,2023-10-31 14:09:03.525,"[4.0, 2.5, 1850.0, 8310.0, 1.0, 0.0, 0.0, 3.0, 7.0, 1200.0, 650.0, 47.7717018127, -122.2900009155, 1840.0, 10080.0, 53.0, 0.0, 0.0]",437753.28,0
488,2023-10-31 14:09:03.525,"[3.0, 2.5, 1553.0, 1991.0, 3.0, 0.0, 0.0, 3.0, 8.0, 1553.0, 0.0, 47.7048988342, -122.3399963379, 1509.0, 2431.0, 0.0, 0.0, 0.0]",449229.9,0
489,2023-10-31 14:09:03.525,"[4.0, 3.0, 3120.0, 157875.0, 2.0, 0.0, 0.0, 4.0, 8.0, 3120.0, 0.0, 47.4440002441, -122.18699646, 1580.0, 7050.0, 38.0, 0.0, 0.0]",448180.8,0
490,2023-10-31 14:09:03.525,"[3.0, 1.75, 1650.0, 1180.0, 3.0, 0.0, 0.0, 3.0, 8.0, 1650.0, 0.0, 47.6636009216, -122.3190002441, 1720.0, 1960.0, 0.0, 0.0, 0.0]",559631.1,0
491,2023-10-31 14:09:03.525,"[2.0, 1.0, 800.0, 1200.0, 2.0, 0.0, 0.0, 3.0, 7.0, 800.0, 0.0, 47.6968994141, -122.3470001221, 806.0, 1200.0, 15.0, 0.0, 0.0]",404484.44,0
492,2023-10-31 14:09:03.525,"[3.0, 1.75, 1680.0, 8100.0, 1.0, 0.0, 2.0, 3.0, 8.0, 1680.0, 0.0, 47.7211990356, -122.3639984131, 1880.0, 7750.0, 65.0, 0.0, 0.0]",437177.84,0
493,2023-10-31 14:09:03.525,"[2.0, 2.25, 1630.0, 1686.0, 2.0, 0.0, 0.0, 3.0, 10.0, 1330.0, 300.0, 47.6113014221, -122.3140029907, 1570.0, 2580.0, 0.0, 0.0, 0.0]",917346.4,0
494,2023-10-31 14:09:03.525,"[3.0, 2.25, 1960.0, 1585.0, 2.0, 0.0, 0.0, 3.0, 7.0, 1750.0, 210.0, 47.5414009094, -122.2880020142, 1760.0, 1958.0, 11.0, 0.0, 0.0]",559453.0,0
495,2023-10-31 14:09:03.525,"[4.0, 2.0, 2180.0, 6000.0, 1.5, 0.0, 0.0, 3.0, 8.0, 2060.0, 120.0, 47.5957984924, -122.3059997559, 1370.0, 4500.0, 88.0, 0.0, 0.0]",675545.5,0
496,2023-10-31 14:09:03.525,"[3.0, 2.0, 1340.0, 4320.0, 1.0, 0.0, 0.0, 3.0, 5.0, 920.0, 420.0, 47.2989997864, -122.2279968262, 980.0, 6480.0, 102.0, 1.0, 81.0]",244380.27,0
497,2023-10-31 14:09:03.525,"[4.0, 3.5, 3660.0, 4903.0, 2.0, 0.0, 0.0, 3.0, 9.0, 2760.0, 900.0, 47.7183990479, -122.15599823, 3630.0, 4992.0, 0.0, 0.0, 0.0]",873848.25,0
498,2023-10-31 14:09:03.525,"[5.0, 2.75, 3230.0, 13572.0, 1.0, 0.0, 2.0, 3.0, 8.0, 1880.0, 1350.0, 47.4393005371, -122.3470001221, 2910.0, 15292.0, 50.0, 0.0, 0.0]",473287.34,0
499,2023-10-31 14:09:03.525,"[2.0, 1.0, 1170.0, 6543.0, 1.0, 0.0, 0.0, 3.0, 7.0, 1170.0, 0.0, 47.5369987488, -122.3850021362, 1550.0, 7225.0, 101.0, 0.0, 0.0]",434534.06,0
