{"time":1710437450618,"metadata.last_model":"{\"model_name\":\"house-price-estimator\",\"model_sha\":\"e22a0831aafd9917f3cc87a15ed267797f80e2afa12ad7d8810ca58f173b8cc6\"}","metadata.pipeline_version":"725562f8-7d28-4cd0-8441-e1b7df9e2b57","metadata.elapsed":[4366370,1240604],"metadata.dropped":[],"metadata.partition":"houseprice-edge-demonstration-02"}
{"time":1710437450618,"metadata.last_model":"{\"model_name\":\"house-price-estimator\",\"model_sha\":\"e22a0831aafd9917f3cc87a15ed267797f80e2afa12ad7d8810ca58f173b8cc6\"}","metadata.pipeline_version":"725562f8-7d28-4cd0-8441-e1b7df9e2b57","metadata.elapsed":[4366370,1240604],"metadata.dropped":[],"metadata.partition":"houseprice-edge-demonstration-02"}
{"time":1710437450618,"metadata.last_model":"{\"model_name\":\"house-price-estimator\",\"model_sha\":\"e22a0831aafd9917f3cc87a15ed267797f80e2afa12ad7d8810ca58f173b8cc6\"}","metadata.pipeline_version":"725562f8-7d28-4cd0-8441-e1b7df9e2b57","metadata.elapsed":[4366370,1240604],"metadata.dropped":[],"metadata.partition":"houseprice-edge-demonstration-02"}
{"time":1710437450618,"metadata.last_model":"{\"model_name\":\"house-price-estimator\",\"model_sha\":\"e22a0831aafd9917f3cc87a15ed267797f80e2afa12ad7d8810ca58f173b8cc6\"}","metadata.pipeline_version":"725562f8-7d28-4cd0-8441-e1b7df9e2b57","metadata.elapsed":[4366370,1240604],"metadata.dropped":[],"metadata.partition":"houseprice-edge-demonstration-02"}
{"time":1710437450618,"metadata.last_model":"{\"model_name\":\"house-price-estimator\",\"model_sha\":\"e22a0831aafd9917f3cc87a15ed267797f80e2afa12ad7d8810ca58f173b8cc6\"}","metadata.pipeline_version":"725562f8-7d28-4cd0-8441-e1b7df9e2b57","metadata.elapsed":[4366370,1240604],"metadata.dropped":[],"metadata.partition":"houseprice-edge-demonstration-02"}
{"time":1710437450618,"metadata.last_model":"{\"model_name\":\"house-price-estimator\",\"model_sha\":\"e22a0831aafd9917f3cc87a15ed267797f80e2afa12ad7d8810ca58f173b8cc6\"}","metadata.pipeline_version":"725562f8-7d28-4cd0-8441-e1b7df9e2b57","metadata.elapsed":[4366370,1240604],"metadata.dropped":[],"metadata.partition":"houseprice-edge-demonstration-02"}
{"time":1710437450618,"metadata.last_model":"{\"model_name\":\"house-price-estimator\",\"model_sha\":\"e22a0831aafd9917f3cc87a15ed267797f80e2afa12ad7d8810ca58f173b8cc6\"}","metadata.pipeline_version":"725562f8-7d28-4cd0-8441-e1b7df9e2b57","metadata.elapsed":[4366370,1240604],"metadata.dropped":[],"metadata.partition":"houseprice-edge-demonstration-02"}
{"time":1710437450618,"metadata.last_model":"{\"model_name\":\"house-price-estimator\",\"model_sha\":\"e22a0831aafd9917f3cc87a15ed267797f80e2afa12ad7d8810ca58f173b8cc6\"}","metadata.pipeline_version":"725562f8-7d28-4cd0-8441-e1b7df9e2b57","metadata.elapsed":[4366370,1240604],"metadata.dropped":[],"metadata.partition":"houseprice-edge-demonstration-02"}
{"time":1710437450618,"metadata.last_model":"{\"model_name\":\"house-price-estimator\",\"model_sha\":\"e22a0831aafd9917f3cc87a15ed267797f80e2afa12ad7d8810ca58f173b8cc6\"}","metadata.pipeline_version":"725562f8-7d28-4cd0-8441-e1b7df9e2b57","metadata.elapsed":[4366370,1240604],"metadata.dropped":[],"metadata.partition":"houseprice-edge-demonstration-02"}
{"time":1710437450618,"metadata.last_model":"{\"model_name\":\"house-price-estimator\",\"model_sha\":\"e22a0831aafd9917f3cc87a15ed267797f80e2afa12ad7d8810ca58f173b8cc6\"}","metadata.pipeline_version":"725562f8-7d28-4cd0-8441-e1b7df9e2b57","metadata.elapsed":[4366370,1240604],"metadata.dropped":[],"metadata.partition":"houseprice-edge-demonstration-02"}
{"time":1710437450618,"metadata.last_model":"{\"model_name\":\"house-price-estimator\",\"model_sha\":\"e22a0831aafd9917f3cc87a15ed267797f80e2afa12ad7d8810ca58f173b8cc6\"}","metadata.pipeline_version":"725562f8-7d28-4cd0-8441-e1b7df9e2b57","metadata.elapsed":[4366370,1240604],"metadata.dropped":[],"metadata.partition":"houseprice-edge-demonstration-02"}
{"time":1710437450618,"metadata.last_model":"{\"model_name\":\"house-price-estimator\",\"model_sha\":\"e22a0831aafd9917f3cc87a15ed267797f80e2afa12ad7d8810ca58f173b8cc6\"}","metadata.pipeline_version":"725562f8-7d28-4cd0-8441-e1b7df9e2b57","metadata.elapsed":[4366370,1240604],"metadata.dropped":[],"metadata.partition":"houseprice-edge-demonstration-02"}
{"time":1710437450618,"metadata.last_model":"{\"model_name\":\"house-price-estimator\",\"model_sha\":\"e22a0831aafd9917f3cc87a15ed267797f80e2afa12ad7d8810ca58f173b8cc6\"}","metadata.pipeline_version":"725562f8-7d28-4cd0-8441-e1b7df9e2b57","metadata.elapsed":[4366370,1240604],"metadata.dropped":[],"metadata.partition":"houseprice-edge-demonstration-02"}
{"time":1710437450618,"metadata.last_model":"{\"model_name\":\"house-price-estimator\",\"model_sha\":\"e22a0831aafd9917f3cc87a15ed267797f80e2afa12ad7d8810ca58f173b8cc6\"}","metadata.pipeline_version":"725562f8-7d28-4cd0-8441-e1b7df9e2b57","metadata.elapsed":[4366370,1240604],"metadata.dropped":[],"metadata.partition":"houseprice-edge-demonstration-02"}
{"time":1710437450618,"metadata.last_model":"{\"model_name\":\"house-price-estimator\",\"model_sha\":\"e22a0831aafd9917f3cc87a15ed267797f80e2afa12ad7d8810ca58f173b8cc6\"}","metadata.pipeline_version":"725562f8-7d28-4cd0-8441-e1b7df9e2b57","metadata.elapsed":[4366370,1240604],"metadata.dropped":[],"metadata.partition":"houseprice-edge-demonstration-02"}
{"time":1710437450618,"metadata.last_model":"{\"model_name\":\"house-price-estimator\",\"model_sha\":\"e22a0831aafd9917f3cc87a15ed267797f80e2afa12ad7d8810ca58f173b8cc6\"}","metadata.pipeline_version":"725562f8-7d28-4cd0-8441-e1b7df9e2b57","metadata.elapsed":[4366370,1240604],"metadata.dropped":[],"metadata.partition":"houseprice-edge-demonstration-02"}
{"time":1710437450618,"metadata.last_model":"{\"model_name\":\"house-price-estimator\",\"model_sha\":\"e22a0831aafd9917f3cc87a15ed267797f80e2afa12ad7d8810ca58f173b8cc6\"}","metadata.pipeline_version":"725562f8-7d28-4cd0-8441-e1b7df9e2b57","metadata.elapsed":[4366370,1240604],"metadata.dropped":[],"metadata.partition":"houseprice-edge-demonstration-02"}
{"time":1710437450618,"metadata.last_model":"{\"model_name\":\"house-price-estimator\",\"model_sha\":\"e22a0831aafd9917f3cc87a15ed267797f80e2afa12ad7d8810ca58f173b8cc6\"}","metadata.pipeline_version":"725562f8-7d28-4cd0-8441-e1b7df9e2b57","metadata.elapsed":[4366370,1240604],"metadata.dropped":[],"metadata.partition":"houseprice-edge-demonstration-02"}
{"time":1710437450618,"metadata.last_model":"{\"model_name\":\"house-price-estimator\",\"model_sha\":\"e22a0831aafd9917f3cc87a15ed267797f80e2afa12ad7d8810ca58f173b8cc6\"}","metadata.pipeline_version":"725562f8-7d28-4cd0-8441-e1b7df9e2b57","metadata.elapsed":[4366370,1240604],"metadata.dropped":[],"metadata.partition":"houseprice-edge-demonstration-02"}
{"time":1710437450618,"metadata.last_model":"{\"model_name\":\"house-price-estimator\",\"model_sha\":\"e22a0831aafd9917f3cc87a15ed267797f80e2afa12ad7d8810ca58f173b8cc6\"}","metadata.pipeline_version":"725562f8-7d28-4cd0-8441-e1b7df9e2b57","metadata.elapsed":[4366370,1240604],"metadata.dropped":[],"metadata.partition":"houseprice-edge-demonstration-02"}
{"time":1710437450618,"metadata.last_model":"{\"model_name\":\"house-price-estimator\",\"model_sha\":\"e22a0831aafd9917f3cc87a15ed267797f80e2afa12ad7d8810ca58f173b8cc6\"}","metadata.pipeline_version":"725562f8-7d28-4cd0-8441-e1b7df9e2b57","metadata.elapsed":[4366370,1240604],"metadata.dropped":[],"metadata.partition":"houseprice-edge-demonstration-02"}
{"time":1710437450618,"metadata.last_model":"{\"model_name\":\"house-price-estimator\",\"model_sha\":\"e22a0831aafd9917f3cc87a15ed267797f80e2afa12ad7d8810ca58f173b8cc6\"}","metadata.pipeline_version":"725562f8-7d28-4cd0-8441-e1b7df9e2b57","metadata.elapsed":[4366370,1240604],"metadata.dropped":[],"metadata.partition":"houseprice-edge-demonstration-02"}
{"time":1710437450618,"metadata.last_model":"{\"model_name\":\"house-price-estimator\",\"model_sha\":\"e22a0831aafd9917f3cc87a15ed267797f80e2afa12ad7d8810ca58f173b8cc6\"}","metadata.pipeline_version":"725562f8-7d28-4cd0-8441-e1b7df9e2b57","metadata.elapsed":[4366370,1240604],"metadata.dropped":[],"metadata.partition":"houseprice-edge-demonstration-02"}
{"time":1710437450618,"metadata.last_model":"{\"model_name\":\"house-price-estimator\",\"model_sha\":\"e22a0831aafd9917f3cc87a15ed267797f80e2afa12ad7d8810ca58f173b8cc6\"}","metadata.pipeline_version":"725562f8-7d28-4cd0-8441-e1b7df9e2b57","metadata.elapsed":[4366370,1240604],"metadata.dropped":[],"metadata.partition":"houseprice-edge-demonstration-02"}
{"time":1710437450618,"metadata.last_model":"{\"model_name\":\"house-price-estimator\",\"model_sha\":\"e22a0831aafd9917f3cc87a15ed267797f80e2afa12ad7d8810ca58f173b8cc6\"}","metadata.pipeline_version":"725562f8-7d28-4cd0-8441-e1b7df9e2b57","metadata.elapsed":[4366370,1240604],"metadata.dropped":[],"metadata.partition":"houseprice-edge-demonstration-02"}
{"time":1710437450618,"metadata.last_model":"{\"model_name\":\"house-price-estimator\",\"model_sha\":\"e22a0831aafd9917f3cc87a15ed267797f80e2afa12ad7d8810ca58f173b8cc6\"}","metadata.pipeline_version":"725562f8-7d28-4cd0-8441-e1b7df9e2b57","metadata.elapsed":[4366370,1240604],"metadata.dropped":[],"metadata.partition":"houseprice-edge-demonstration-02"}
{"time":1710437450618,"metadata.last_model":"{\"model_name\":\"house-price-estimator\",\"model_sha\":\"e22a0831aafd9917f3cc87a15ed267797f80e2afa12ad7d8810ca58f173b8cc6\"}","metadata.pipeline_version":"725562f8-7d28-4cd0-8441-e1b7df9e2b57","metadata.elapsed":[4366370,1240604],"metadata.dropped":[],"metadata.partition":"houseprice-edge-demonstration-02"}
{"time":1710437450618,"metadata.last_model":"{\"model_name\":\"house-price-estimator\",\"model_sha\":\"e22a0831aafd9917f3cc87a15ed267797f80e2afa12ad7d8810ca58f173b8cc6\"}","metadata.pipeline_version":"725562f8-7d28-4cd0-8441-e1b7df9e2b57","metadata.elapsed":[4366370,1240604],"metadata.dropped":[],"metadata.partition":"houseprice-edge-demonstration-02"}
{"time":1710437450618,"metadata.last_model":"{\"model_name\":\"house-price-estimator\",\"model_sha\":\"e22a0831aafd9917f3cc87a15ed267797f80e2afa12ad7d8810ca58f173b8cc6\"}","metadata.pipeline_version":"725562f8-7d28-4cd0-8441-e1b7df9e2b57","metadata.elapsed":[4366370,1240604],"metadata.dropped":[],"metadata.partition":"houseprice-edge-demonstration-02"}
{"time":1710437450618,"metadata.last_model":"{\"model_name\":\"house-price-estimator\",\"model_sha\":\"e22a0831aafd9917f3cc87a15ed267797f80e2afa12ad7d8810ca58f173b8cc6\"}","metadata.pipeline_version":"725562f8-7d28-4cd0-8441-e1b7df9e2b57","metadata.elapsed":[4366370,1240604],"metadata.dropped":[],"metadata.partition":"houseprice-edge-demonstration-02"}
{"time":1710437450618,"metadata.last_model":"{\"model_name\":\"house-price-estimator\",\"model_sha\":\"e22a0831aafd9917f3cc87a15ed267797f80e2afa12ad7d8810ca58f173b8cc6\"}","metadata.pipeline_version":"725562f8-7d28-4cd0-8441-e1b7df9e2b57","metadata.elapsed":[4366370,1240604],"metadata.dropped":[],"metadata.partition":"houseprice-edge-demonstration-02"}
{"time":1710437450618,"metadata.last_model":"{\"model_name\":\"house-price-estimator\",\"model_sha\":\"e22a0831aafd9917f3cc87a15ed267797f80e2afa12ad7d8810ca58f173b8cc6\"}","metadata.pipeline_version":"725562f8-7d28-4cd0-8441-e1b7df9e2b57","metadata.elapsed":[4366370,1240604],"metadata.dropped":[],"metadata.partition":"houseprice-edge-demonstration-02"}
{"time":1710437450618,"metadata.last_model":"{\"model_name\":\"house-price-estimator\",\"model_sha\":\"e22a0831aafd9917f3cc87a15ed267797f80e2afa12ad7d8810ca58f173b8cc6\"}","metadata.pipeline_version":"725562f8-7d28-4cd0-8441-e1b7df9e2b57","metadata.elapsed":[4366370,1240604],"metadata.dropped":[],"metadata.partition":"houseprice-edge-demonstration-02"}
{"time":1710437450618,"metadata.last_model":"{\"model_name\":\"house-price-estimator\",\"model_sha\":\"e22a0831aafd9917f3cc87a15ed267797f80e2afa12ad7d8810ca58f173b8cc6\"}","metadata.pipeline_version":"725562f8-7d28-4cd0-8441-e1b7df9e2b57","metadata.elapsed":[4366370,1240604],"metadata.dropped":[],"metadata.partition":"houseprice-edge-demonstration-02"}
{"time":1710437450618,"metadata.last_model":"{\"model_name\":\"house-price-estimator\",\"model_sha\":\"e22a0831aafd9917f3cc87a15ed267797f80e2afa12ad7d8810ca58f173b8cc6\"}","metadata.pipeline_version":"725562f8-7d28-4cd0-8441-e1b7df9e2b57","metadata.elapsed":[4366370,1240604],"metadata.dropped":[],"metadata.partition":"houseprice-edge-demonstration-02"}
{"time":1710437450618,"metadata.last_model":"{\"model_name\":\"house-price-estimator\",\"model_sha\":\"e22a0831aafd9917f3cc87a15ed267797f80e2afa12ad7d8810ca58f173b8cc6\"}","metadata.pipeline_version":"725562f8-7d28-4cd0-8441-e1b7df9e2b57","metadata.elapsed":[4366370,1240604],"metadata.dropped":[],"metadata.partition":"houseprice-edge-demonstration-02"}
{"time":1710437450618,"metadata.last_model":"{\"model_name\":\"house-price-estimator\",\"model_sha\":\"e22a0831aafd9917f3cc87a15ed267797f80e2afa12ad7d8810ca58f173b8cc6\"}","metadata.pipeline_version":"725562f8-7d28-4cd0-8441-e1b7df9e2b57","metadata.elapsed":[4366370,1240604],"metadata.dropped":[],"metadata.partition":"houseprice-edge-demonstration-02"}
{"time":1710437450618,"metadata.last_model":"{\"model_name\":\"house-price-estimator\",\"model_sha\":\"e22a0831aafd9917f3cc87a15ed267797f80e2afa12ad7d8810ca58f173b8cc6\"}","metadata.pipeline_version":"725562f8-7d28-4cd0-8441-e1b7df9e2b57","metadata.elapsed":[4366370,1240604],"metadata.dropped":[],"metadata.partition":"houseprice-edge-demonstration-02"}
{"time":1710437450618,"metadata.last_model":"{\"model_name\":\"house-price-estimator\",\"model_sha\":\"e22a0831aafd9917f3cc87a15ed267797f80e2afa12ad7d8810ca58f173b8cc6\"}","metadata.pipeline_version":"725562f8-7d28-4cd0-8441-e1b7df9e2b57","metadata.elapsed":[4366370,1240604],"metadata.dropped":[],"metadata.partition":"houseprice-edge-demonstration-02"}
{"time":1710437450618,"metadata.last_model":"{\"model_name\":\"house-price-estimator\",\"model_sha\":\"e22a0831aafd9917f3cc87a15ed267797f80e2afa12ad7d8810ca58f173b8cc6\"}","metadata.pipeline_version":"725562f8-7d28-4cd0-8441-e1b7df9e2b57","metadata.elapsed":[4366370,1240604],"metadata.dropped":[],"metadata.partition":"houseprice-edge-demonstration-02"}
{"time":1710437450618,"metadata.last_model":"{\"model_name\":\"house-price-estimator\",\"model_sha\":\"e22a0831aafd9917f3cc87a15ed267797f80e2afa12ad7d8810ca58f173b8cc6\"}","metadata.pipeline_version":"725562f8-7d28-4cd0-8441-e1b7df9e2b57","metadata.elapsed":[4366370,1240604],"metadata.dropped":[],"metadata.partition":"houseprice-edge-demonstration-02"}
{"time":1710437450618,"metadata.last_model":"{\"model_name\":\"house-price-estimator\",\"model_sha\":\"e22a0831aafd9917f3cc87a15ed267797f80e2afa12ad7d8810ca58f173b8cc6\"}","metadata.pipeline_version":"725562f8-7d28-4cd0-8441-e1b7df9e2b57","metadata.elapsed":[4366370,1240604],"metadata.dropped":[],"metadata.partition":"houseprice-edge-demonstration-02"}
{"time":1710437450618,"metadata.last_model":"{\"model_name\":\"house-price-estimator\",\"model_sha\":\"e22a0831aafd9917f3cc87a15ed267797f80e2afa12ad7d8810ca58f173b8cc6\"}","metadata.pipeline_version":"725562f8-7d28-4cd0-8441-e1b7df9e2b57","metadata.elapsed":[4366370,1240604],"metadata.dropped":[],"metadata.partition":"houseprice-edge-demonstration-02"}
{"time":1710437450618,"metadata.last_model":"{\"model_name\":\"house-price-estimator\",\"model_sha\":\"e22a0831aafd9917f3cc87a15ed267797f80e2afa12ad7d8810ca58f173b8cc6\"}","metadata.pipeline_version":"725562f8-7d28-4cd0-8441-e1b7df9e2b57","metadata.elapsed":[4366370,1240604],"metadata.dropped":[],"metadata.partition":"houseprice-edge-demonstration-02"}
{"time":1710437450618,"metadata.last_model":"{\"model_name\":\"house-price-estimator\",\"model_sha\":\"e22a0831aafd9917f3cc87a15ed267797f80e2afa12ad7d8810ca58f173b8cc6\"}","metadata.pipeline_version":"725562f8-7d28-4cd0-8441-e1b7df9e2b57","metadata.elapsed":[4366370,1240604],"metadata.dropped":[],"metadata.partition":"houseprice-edge-demonstration-02"}
{"time":1710437450618,"metadata.last_model":"{\"model_name\":\"house-price-estimator\",\"model_sha\":\"e22a0831aafd9917f3cc87a15ed267797f80e2afa12ad7d8810ca58f173b8cc6\"}","metadata.pipeline_version":"725562f8-7d28-4cd0-8441-e1b7df9e2b57","metadata.elapsed":[4366370,1240604],"metadata.dropped":[],"metadata.partition":"houseprice-edge-demonstration-02"}
{"time":1710437450618,"metadata.last_model":"{\"model_name\":\"house-price-estimator\",\"model_sha\":\"e22a0831aafd9917f3cc87a15ed267797f80e2afa12ad7d8810ca58f173b8cc6\"}","metadata.pipeline_version":"725562f8-7d28-4cd0-8441-e1b7df9e2b57","metadata.elapsed":[4366370,1240604],"metadata.dropped":[],"metadata.partition":"houseprice-edge-demonstration-02"}
{"time":1710437450618,"metadata.last_model":"{\"model_name\":\"house-price-estimator\",\"model_sha\":\"e22a0831aafd9917f3cc87a15ed267797f80e2afa12ad7d8810ca58f173b8cc6\"}","metadata.pipeline_version":"725562f8-7d28-4cd0-8441-e1b7df9e2b57","metadata.elapsed":[4366370,1240604],"metadata.dropped":[],"metadata.partition":"houseprice-edge-demonstration-02"}
{"time":1710437450618,"metadata.last_model":"{\"model_name\":\"house-price-estimator\",\"model_sha\":\"e22a0831aafd9917f3cc87a15ed267797f80e2afa12ad7d8810ca58f173b8cc6\"}","metadata.pipeline_version":"725562f8-7d28-4cd0-8441-e1b7df9e2b57","metadata.elapsed":[4366370,1240604],"metadata.dropped":[],"metadata.partition":"houseprice-edge-demonstration-02"}
{"time":1710437450618,"metadata.last_model":"{\"model_name\":\"house-price-estimator\",\"model_sha\":\"e22a0831aafd9917f3cc87a15ed267797f80e2afa12ad7d8810ca58f173b8cc6\"}","metadata.pipeline_version":"725562f8-7d28-4cd0-8441-e1b7df9e2b57","metadata.elapsed":[4366370,1240604],"metadata.dropped":[],"metadata.partition":"houseprice-edge-demonstration-02"}
{"time":1710437450618,"metadata.last_model":"{\"model_name\":\"house-price-estimator\",\"model_sha\":\"e22a0831aafd9917f3cc87a15ed267797f80e2afa12ad7d8810ca58f173b8cc6\"}","metadata.pipeline_version":"725562f8-7d28-4cd0-8441-e1b7df9e2b57","metadata.elapsed":[4366370,1240604],"metadata.dropped":[],"metadata.partition":"houseprice-edge-demonstration-02"}
{"time":1710437450618,"metadata.last_model":"{\"model_name\":\"house-price-estimator\",\"model_sha\":\"e22a0831aafd9917f3cc87a15ed267797f80e2afa12ad7d8810ca58f173b8cc6\"}","metadata.pipeline_version":"725562f8-7d28-4cd0-8441-e1b7df9e2b57","metadata.elapsed":[4366370,1240604],"metadata.dropped":[],"metadata.partition":"houseprice-edge-demonstration-02"}
{"time":1710437450618,"metadata.last_model":"{\"model_name\":\"house-price-estimator\",\"model_sha\":\"e22a0831aafd9917f3cc87a15ed267797f80e2afa12ad7d8810ca58f173b8cc6\"}","metadata.pipeline_version":"725562f8-7d28-4cd0-8441-e1b7df9e2b57","metadata.elapsed":[4366370,1240604],"metadata.dropped":[],"metadata.partition":"houseprice-edge-demonstration-02"}
{"time":1710437450618,"metadata.last_model":"{\"model_name\":\"house-price-estimator\",\"model_sha\":\"e22a0831aafd9917f3cc87a15ed267797f80e2afa12ad7d8810ca58f173b8cc6\"}","metadata.pipeline_version":"725562f8-7d28-4cd0-8441-e1b7df9e2b57","metadata.elapsed":[4366370,1240604],"metadata.dropped":[],"metadata.partition":"houseprice-edge-demonstration-02"}
{"time":1710437450618,"metadata.last_model":"{\"model_name\":\"house-price-estimator\",\"model_sha\":\"e22a0831aafd9917f3cc87a15ed267797f80e2afa12ad7d8810ca58f173b8cc6\"}","metadata.pipeline_version":"725562f8-7d28-4cd0-8441-e1b7df9e2b57","metadata.elapsed":[4366370,1240604],"metadata.dropped":[],"metadata.partition":"houseprice-edge-demonstration-02"}
{"time":1710437450618,"metadata.last_model":"{\"model_name\":\"house-price-estimator\",\"model_sha\":\"e22a0831aafd9917f3cc87a15ed267797f80e2afa12ad7d8810ca58f173b8cc6\"}","metadata.pipeline_version":"725562f8-7d28-4cd0-8441-e1b7df9e2b57","metadata.elapsed":[4366370,1240604],"metadata.dropped":[],"metadata.partition":"houseprice-edge-demonstration-02"}
{"time":1710437450618,"metadata.last_model":"{\"model_name\":\"house-price-estimator\",\"model_sha\":\"e22a0831aafd9917f3cc87a15ed267797f80e2afa12ad7d8810ca58f173b8cc6\"}","metadata.pipeline_version":"725562f8-7d28-4cd0-8441-e1b7df9e2b57","metadata.elapsed":[4366370,1240604],"metadata.dropped":[],"metadata.partition":"houseprice-edge-demonstration-02"}
{"time":1710437450618,"metadata.last_model":"{\"model_name\":\"house-price-estimator\",\"model_sha\":\"e22a0831aafd9917f3cc87a15ed267797f80e2afa12ad7d8810ca58f173b8cc6\"}","metadata.pipeline_version":"725562f8-7d28-4cd0-8441-e1b7df9e2b57","metadata.elapsed":[4366370,1240604],"metadata.dropped":[],"metadata.partition":"houseprice-edge-demonstration-02"}
{"time":1710437450618,"metadata.last_model":"{\"model_name\":\"house-price-estimator\",\"model_sha\":\"e22a0831aafd9917f3cc87a15ed267797f80e2afa12ad7d8810ca58f173b8cc6\"}","metadata.pipeline_version":"725562f8-7d28-4cd0-8441-e1b7df9e2b57","metadata.elapsed":[4366370,1240604],"metadata.dropped":[],"metadata.partition":"houseprice-edge-demonstration-02"}
{"time":1710437450618,"metadata.last_model":"{\"model_name\":\"house-price-estimator\",\"model_sha\":\"e22a0831aafd9917f3cc87a15ed267797f80e2afa12ad7d8810ca58f173b8cc6\"}","metadata.pipeline_version":"725562f8-7d28-4cd0-8441-e1b7df9e2b57","metadata.elapsed":[4366370,1240604],"metadata.dropped":[],"metadata.partition":"houseprice-edge-demonstration-02"}
{"time":1710437450618,"metadata.last_model":"{\"model_name\":\"house-price-estimator\",\"model_sha\":\"e22a0831aafd9917f3cc87a15ed267797f80e2afa12ad7d8810ca58f173b8cc6\"}","metadata.pipeline_version":"725562f8-7d28-4cd0-8441-e1b7df9e2b57","metadata.elapsed":[4366370,1240604],"metadata.dropped":[],"metadata.partition":"houseprice-edge-demonstration-02"}
{"time":1710437450618,"metadata.last_model":"{\"model_name\":\"house-price-estimator\",\"model_sha\":\"e22a0831aafd9917f3cc87a15ed267797f80e2afa12ad7d8810ca58f173b8cc6\"}","metadata.pipeline_version":"725562f8-7d28-4cd0-8441-e1b7df9e2b57","metadata.elapsed":[4366370,1240604],"metadata.dropped":[],"metadata.partition":"houseprice-edge-demonstration-02"}
{"time":1710437450618,"metadata.last_model":"{\"model_name\":\"house-price-estimator\",\"model_sha\":\"e22a0831aafd9917f3cc87a15ed267797f80e2afa12ad7d8810ca58f173b8cc6\"}","metadata.pipeline_version":"725562f8-7d28-4cd0-8441-e1b7df9e2b57","metadata.elapsed":[4366370,1240604],"metadata.dropped":[],"metadata.partition":"houseprice-edge-demonstration-02"}
{"time":1710437450618,"metadata.last_model":"{\"model_name\":\"house-price-estimator\",\"model_sha\":\"e22a0831aafd9917f3cc87a15ed267797f80e2afa12ad7d8810ca58f173b8cc6\"}","metadata.pipeline_version":"725562f8-7d28-4cd0-8441-e1b7df9e2b57","metadata.elapsed":[4366370,1240604],"metadata.dropped":[],"metadata.partition":"houseprice-edge-demonstration-02"}
{"time":1710437450618,"metadata.last_model":"{\"model_name\":\"house-price-estimator\",\"model_sha\":\"e22a0831aafd9917f3cc87a15ed267797f80e2afa12ad7d8810ca58f173b8cc6\"}","metadata.pipeline_version":"725562f8-7d28-4cd0-8441-e1b7df9e2b57","metadata.elapsed":[4366370,1240604],"metadata.dropped":[],"metadata.partition":"houseprice-edge-demonstration-02"}
{"time":1710437450618,"metadata.last_model":"{\"model_name\":\"house-price-estimator\",\"model_sha\":\"e22a0831aafd9917f3cc87a15ed267797f80e2afa12ad7d8810ca58f173b8cc6\"}","metadata.pipeline_version":"725562f8-7d28-4cd0-8441-e1b7df9e2b57","metadata.elapsed":[4366370,1240604],"metadata.dropped":[],"metadata.partition":"houseprice-edge-demonstration-02"}
{"time":1710437450618,"metadata.last_model":"{\"model_name\":\"house-price-estimator\",\"model_sha\":\"e22a0831aafd9917f3cc87a15ed267797f80e2afa12ad7d8810ca58f173b8cc6\"}","metadata.pipeline_version":"725562f8-7d28-4cd0-8441-e1b7df9e2b57","metadata.elapsed":[4366370,1240604],"metadata.dropped":[],"metadata.partition":"houseprice-edge-demonstration-02"}
{"time":1710437450618,"metadata.last_model":"{\"model_name\":\"house-price-estimator\",\"model_sha\":\"e22a0831aafd9917f3cc87a15ed267797f80e2afa12ad7d8810ca58f173b8cc6\"}","metadata.pipeline_version":"725562f8-7d28-4cd0-8441-e1b7df9e2b57","metadata.elapsed":[4366370,1240604],"metadata.dropped":[],"metadata.partition":"houseprice-edge-demonstration-02"}
{"time":1710437450618,"metadata.last_model":"{\"model_name\":\"house-price-estimator\",\"model_sha\":\"e22a0831aafd9917f3cc87a15ed267797f80e2afa12ad7d8810ca58f173b8cc6\"}","metadata.pipeline_version":"725562f8-7d28-4cd0-8441-e1b7df9e2b57","metadata.elapsed":[4366370,1240604],"metadata.dropped":[],"metadata.partition":"houseprice-edge-demonstration-02"}
{"time":1710437450618,"metadata.last_model":"{\"model_name\":\"house-price-estimator\",\"model_sha\":\"e22a0831aafd9917f3cc87a15ed267797f80e2afa12ad7d8810ca58f173b8cc6\"}","metadata.pipeline_version":"725562f8-7d28-4cd0-8441-e1b7df9e2b57","metadata.elapsed":[4366370,1240604],"metadata.dropped":[],"metadata.partition":"houseprice-edge-demonstration-02"}
{"time":1710437450618,"metadata.last_model":"{\"model_name\":\"house-price-estimator\",\"model_sha\":\"e22a0831aafd9917f3cc87a15ed267797f80e2afa12ad7d8810ca58f173b8cc6\"}","metadata.pipeline_version":"725562f8-7d28-4cd0-8441-e1b7df9e2b57","metadata.elapsed":[4366370,1240604],"metadata.dropped":[],"metadata.partition":"houseprice-edge-demonstration-02"}
{"time":1710437450618,"metadata.last_model":"{\"model_name\":\"house-price-estimator\",\"model_sha\":\"e22a0831aafd9917f3cc87a15ed267797f80e2afa12ad7d8810ca58f173b8cc6\"}","metadata.pipeline_version":"725562f8-7d28-4cd0-8441-e1b7df9e2b57","metadata.elapsed":[4366370,1240604],"metadata.dropped":[],"metadata.partition":"houseprice-edge-demonstration-02"}
{"time":1710437450618,"metadata.last_model":"{\"model_name\":\"house-price-estimator\",\"model_sha\":\"e22a0831aafd9917f3cc87a15ed267797f80e2afa12ad7d8810ca58f173b8cc6\"}","metadata.pipeline_version":"725562f8-7d28-4cd0-8441-e1b7df9e2b57","metadata.elapsed":[4366370,1240604],"metadata.dropped":[],"metadata.partition":"houseprice-edge-demonstration-02"}
{"time":1710437450618,"metadata.last_model":"{\"model_name\":\"house-price-estimator\",\"model_sha\":\"e22a0831aafd9917f3cc87a15ed267797f80e2afa12ad7d8810ca58f173b8cc6\"}","metadata.pipeline_version":"725562f8-7d28-4cd0-8441-e1b7df9e2b57","metadata.elapsed":[4366370,1240604],"metadata.dropped":[],"metadata.partition":"houseprice-edge-demonstration-02"}
{"time":1710437450618,"metadata.last_model":"{\"model_name\":\"house-price-estimator\",\"model_sha\":\"e22a0831aafd9917f3cc87a15ed267797f80e2afa12ad7d8810ca58f173b8cc6\"}","metadata.pipeline_version":"725562f8-7d28-4cd0-8441-e1b7df9e2b57","metadata.elapsed":[4366370,1240604],"metadata.dropped":[],"metadata.partition":"houseprice-edge-demonstration-02"}
{"time":1710437450618,"metadata.last_model":"{\"model_name\":\"house-price-estimator\",\"model_sha\":\"e22a0831aafd9917f3cc87a15ed267797f80e2afa12ad7d8810ca58f173b8cc6\"}","metadata.pipeline_version":"725562f8-7d28-4cd0-8441-e1b7df9e2b57","metadata.elapsed":[4366370,1240604],"metadata.dropped":[],"metadata.partition":"houseprice-edge-demonstration-02"}
{"time":1710437450618,"metadata.last_model":"{\"model_name\":\"house-price-estimator\",\"model_sha\":\"e22a0831aafd9917f3cc87a15ed267797f80e2afa12ad7d8810ca58f173b8cc6\"}","metadata.pipeline_version":"725562f8-7d28-4cd0-8441-e1b7df9e2b57","metadata.elapsed":[4366370,1240604],"metadata.dropped":[],"metadata.partition":"houseprice-edge-demonstration-02"}
{"time":1710437450618,"metadata.last_model":"{\"model_name\":\"house-price-estimator\",\"model_sha\":\"e22a0831aafd9917f3cc87a15ed267797f80e2afa12ad7d8810ca58f173b8cc6\"}","metadata.pipeline_version":"725562f8-7d28-4cd0-8441-e1b7df9e2b57","metadata.elapsed":[4366370,1240604],"metadata.dropped":[],"metadata.partition":"houseprice-edge-demonstration-02"}
{"time":1710437450618,"metadata.last_model":"{\"model_name\":\"house-price-estimator\",\"model_sha\":\"e22a0831aafd9917f3cc87a15ed267797f80e2afa12ad7d8810ca58f173b8cc6\"}","metadata.pipeline_version":"725562f8-7d28-4cd0-8441-e1b7df9e2b57","metadata.elapsed":[4366370,1240604],"metadata.dropped":[],"metadata.partition":"houseprice-edge-demonstration-02"}
{"time":1710437450618,"metadata.last_model":"{\"model_name\":\"house-price-estimator\",\"model_sha\":\"e22a0831aafd9917f3cc87a15ed267797f80e2afa12ad7d8810ca58f173b8cc6\"}","metadata.pipeline_version":"725562f8-7d28-4cd0-8441-e1b7df9e2b57","metadata.elapsed":[4366370,1240604],"metadata.dropped":[],"metadata.partition":"houseprice-edge-demonstration-02"}
{"time":1710437450618,"metadata.last_model":"{\"model_name\":\"house-price-estimator\",\"model_sha\":\"e22a0831aafd9917f3cc87a15ed267797f80e2afa12ad7d8810ca58f173b8cc6\"}","metadata.pipeline_version":"725562f8-7d28-4cd0-8441-e1b7df9e2b57","metadata.elapsed":[4366370,1240604],"metadata.dropped":[],"metadata.partition":"houseprice-edge-demonstration-02"}
{"time":1710437450618,"metadata.last_model":"{\"model_name\":\"house-price-estimator\",\"model_sha\":\"e22a0831aafd9917f3cc87a15ed267797f80e2afa12ad7d8810ca58f173b8cc6\"}","metadata.pipeline_version":"725562f8-7d28-4cd0-8441-e1b7df9e2b57","metadata.elapsed":[4366370,1240604],"metadata.dropped":[],"metadata.partition":"houseprice-edge-demonstration-02"}
{"time":1710437450618,"metadata.last_model":"{\"model_name\":\"house-price-estimator\",\"model_sha\":\"e22a0831aafd9917f3cc87a15ed267797f80e2afa12ad7d8810ca58f173b8cc6\"}","metadata.pipeline_version":"725562f8-7d28-4cd0-8441-e1b7df9e2b57","metadata.elapsed":[4366370,1240604],"metadata.dropped":[],"metadata.partition":"houseprice-edge-demonstration-02"}
{"time":1710437450618,"metadata.last_model":"{\"model_name\":\"house-price-estimator\",\"model_sha\":\"e22a0831aafd9917f3cc87a15ed267797f80e2afa12ad7d8810ca58f173b8cc6\"}","metadata.pipeline_version":"725562f8-7d28-4cd0-8441-e1b7df9e2b57","metadata.elapsed":[4366370,1240604],"metadata.dropped":[],"metadata.partition":"houseprice-edge-demonstration-02"}
{"time":1710437450618,"metadata.last_model":"{\"model_name\":\"house-price-estimator\",\"model_sha\":\"e22a0831aafd9917f3cc87a15ed267797f80e2afa12ad7d8810ca58f173b8cc6\"}","metadata.pipeline_version":"725562f8-7d28-4cd0-8441-e1b7df9e2b57","metadata.elapsed":[4366370,1240604],"metadata.dropped":[],"metadata.partition":"houseprice-edge-demonstration-02"}
{"time":1710437450618,"metadata.last_model":"{\"model_name\":\"house-price-estimator\",\"model_sha\":\"e22a0831aafd9917f3cc87a15ed267797f80e2afa12ad7d8810ca58f173b8cc6\"}","metadata.pipeline_version":"725562f8-7d28-4cd0-8441-e1b7df9e2b57","metadata.elapsed":[4366370,1240604],"metadata.dropped":[],"metadata.partition":"houseprice-edge-demonstration-02"}
{"time":1710437450618,"metadata.last_model":"{\"model_name\":\"house-price-estimator\",\"model_sha\":\"e22a0831aafd9917f3cc87a15ed267797f80e2afa12ad7d8810ca58f173b8cc6\"}","metadata.pipeline_version":"725562f8-7d28-4cd0-8441-e1b7df9e2b57","metadata.elapsed":[4366370,1240604],"metadata.dropped":[],"metadata.partition":"houseprice-edge-demonstration-02"}
{"time":1710437450618,"metadata.last_model":"{\"model_name\":\"house-price-estimator\",\"model_sha\":\"e22a0831aafd9917f3cc87a15ed267797f80e2afa12ad7d8810ca58f173b8cc6\"}","metadata.pipeline_version":"725562f8-7d28-4cd0-8441-e1b7df9e2b57","metadata.elapsed":[4366370,1240604],"metadata.dropped":[],"metadata.partition":"houseprice-edge-demonstration-02"}
{"time":1710437450618,"metadata.last_model":"{\"model_name\":\"house-price-estimator\",\"model_sha\":\"e22a0831aafd9917f3cc87a15ed267797f80e2afa12ad7d8810ca58f173b8cc6\"}","metadata.pipeline_version":"725562f8-7d28-4cd0-8441-e1b7df9e2b57","metadata.elapsed":[4366370,1240604],"metadata.dropped":[],"metadata.partition":"houseprice-edge-demonstration-02"}
{"time":1710437450618,"metadata.last_model":"{\"model_name\":\"house-price-estimator\",\"model_sha\":\"e22a0831aafd9917f3cc87a15ed267797f80e2afa12ad7d8810ca58f173b8cc6\"}","metadata.pipeline_version":"725562f8-7d28-4cd0-8441-e1b7df9e2b57","metadata.elapsed":[4366370,1240604],"metadata.dropped":[],"metadata.partition":"houseprice-edge-demonstration-02"}
{"time":1710437450618,"metadata.last_model":"{\"model_name\":\"house-price-estimator\",\"model_sha\":\"e22a0831aafd9917f3cc87a15ed267797f80e2afa12ad7d8810ca58f173b8cc6\"}","metadata.pipeline_version":"725562f8-7d28-4cd0-8441-e1b7df9e2b57","metadata.elapsed":[4366370,1240604],"metadata.dropped":[],"metadata.partition":"houseprice-edge-demonstration-02"}
{"time":1710437450618,"metadata.last_model":"{\"model_name\":\"house-price-estimator\",\"model_sha\":\"e22a0831aafd9917f3cc87a15ed267797f80e2afa12ad7d8810ca58f173b8cc6\"}","metadata.pipeline_version":"725562f8-7d28-4cd0-8441-e1b7df9e2b57","metadata.elapsed":[4366370,1240604],"metadata.dropped":[],"metadata.partition":"houseprice-edge-demonstration-02"}
{"time":1710437450618,"metadata.last_model":"{\"model_name\":\"house-price-estimator\",\"model_sha\":\"e22a0831aafd9917f3cc87a15ed267797f80e2afa12ad7d8810ca58f173b8cc6\"}","metadata.pipeline_version":"725562f8-7d28-4cd0-8441-e1b7df9e2b57","metadata.elapsed":[4366370,1240604],"metadata.dropped":[],"metadata.partition":"houseprice-edge-demonstration-02"}
{"time":1710437450618,"metadata.last_model":"{\"model_name\":\"house-price-estimator\",\"model_sha\":\"e22a0831aafd9917f3cc87a15ed267797f80e2afa12ad7d8810ca58f173b8cc6\"}","metadata.pipeline_version":"725562f8-7d28-4cd0-8441-e1b7df9e2b57","metadata.elapsed":[4366370,1240604],"metadata.dropped":[],"metadata.partition":"houseprice-edge-demonstration-02"}
{"time":1710437450618,"metadata.last_model":"{\"model_name\":\"house-price-estimator\",\"model_sha\":\"e22a0831aafd9917f3cc87a15ed267797f80e2afa12ad7d8810ca58f173b8cc6\"}","metadata.pipeline_version":"725562f8-7d28-4cd0-8441-e1b7df9e2b57","metadata.elapsed":[4366370,1240604],"metadata.dropped":[],"metadata.partition":"houseprice-edge-demonstration-02"}
{"time":1710437450618,"metadata.last_model":"{\"model_name\":\"house-price-estimator\",\"model_sha\":\"e22a0831aafd9917f3cc87a15ed267797f80e2afa12ad7d8810ca58f173b8cc6\"}","metadata.pipeline_version":"725562f8-7d28-4cd0-8441-e1b7df9e2b57","metadata.elapsed":[4366370,1240604],"metadata.dropped":[],"metadata.partition":"houseprice-edge-demonstration-02"}
{"time":1710437450618,"metadata.last_model":"{\"model_name\":\"house-price-estimator\",\"model_sha\":\"e22a0831aafd9917f3cc87a15ed267797f80e2afa12ad7d8810ca58f173b8cc6\"}","metadata.pipeline_version":"725562f8-7d28-4cd0-8441-e1b7df9e2b57","metadata.elapsed":[4366370,1240604],"metadata.dropped":[],"metadata.partition":"houseprice-edge-demonstration-02"}
{"time":1710437450618,"metadata.last_model":"{\"model_name\":\"house-price-estimator\",\"model_sha\":\"e22a0831aafd9917f3cc87a15ed267797f80e2afa12ad7d8810ca58f173b8cc6\"}","metadata.pipeline_version":"725562f8-7d28-4cd0-8441-e1b7df9e2b57","metadata.elapsed":[4366370,1240604],"metadata.dropped":[],"metadata.partition":"houseprice-edge-demonstration-02"}
{"time":1710437450618,"metadata.last_model":"{\"model_name\":\"house-price-estimator\",\"model_sha\":\"e22a0831aafd9917f3cc87a15ed267797f80e2afa12ad7d8810ca58f173b8cc6\"}","metadata.pipeline_version":"725562f8-7d28-4cd0-8441-e1b7df9e2b57","metadata.elapsed":[4366370,1240604],"metadata.dropped":[],"metadata.partition":"houseprice-edge-demonstration-02"}
{"time":1710437450618,"metadata.last_model":"{\"model_name\":\"house-price-estimator\",\"model_sha\":\"e22a0831aafd9917f3cc87a15ed267797f80e2afa12ad7d8810ca58f173b8cc6\"}","metadata.pipeline_version":"725562f8-7d28-4cd0-8441-e1b7df9e2b57","metadata.elapsed":[4366370,1240604],"metadata.dropped":[],"metadata.partition":"houseprice-edge-demonstration-02"}
